incursion,eradication,local_quarantine,regional_quarantine,trap_density,replicate,area,cost
Adelaide,0.0,0.0,0.0,0.1,1,10.0,3.7397319994893834e7
Adelaide,0.0,0.0,0.0,0.1,3,21.0,2.780880350046336e7
Adelaide,0.0,0.0,0.0,0.1,2,0.0,4.038828865492993e7
Adelaide,0.0,0.0,0.0,0.01,1,28.0,2.367307818467204e6
Adelaide,0.0,0.0,0.0,0.01,3,20.0,2.6321545269560304e7
Adelaide,0.0,0.0,0.0,0.01,2,26.0,2.3563580400390625e6
Adelaide,0.0,0.0,0.0,0.001,3,45.0,2.343801631576538e6
Adelaide,0.0,0.0,0.0,0.001,1,26.0,3.55042089457898e7
Adelaide,0.0,0.0,0.0,0.001,2,30.0,2.3339959326375327e6
Adelaide,0.0,0.0,0.5,0.1,3,2.0,4.4032941436700754e7
Adelaide,0.0,0.0,0.5,0.1,1,2.0,4.435142629711742e7
Adelaide,0.0,0.0,0.5,0.1,2,19.0,4.2229870708616905e7
Adelaide,0.0,0.0,0.5,0.01,3,27.0,2.357302121923828e6
Adelaide,0.0,0.0,0.5,0.01,1,48.0,2.4288497982340497e6
Adelaide,0.0,0.0,0.5,0.01,2,28.0,2.4915029145856112e7
Adelaide,0.0,0.0,0.5,0.001,3,39.0,2.3351736667317706e6
Adelaide,0.0,0.0,0.5,0.001,1,118.0,3.8105544753784183e6
Adelaide,0.0,0.0,0.5,0.001,2,34.0,2.330887937532552e6
Adelaide,0.0,0.0,0.99,0.1,1,3.0,3.852691039894657e7
Adelaide,0.0,0.0,0.99,0.1,3,7.0,5.1581981532081515e7
Adelaide,0.0,0.0,0.99,0.1,2,19.0,1.678734661260147e7
Adelaide,0.0,0.0,0.99,0.01,1,29.0,2.437933522086588e6
Adelaide,0.0,0.0,0.99,0.01,3,22.0,1.1954499162653415e7
Adelaide,0.0,0.0,0.99,0.01,2,31.0,1.4127864834224192e7
Adelaide,0.0,0.0,0.99,0.001,1,40.0,2.3523574063568115e6
Adelaide,0.0,0.0,0.99,0.001,3,28.0,2.32471427006429e6
Adelaide,0.0,0.0,0.99,0.001,2,26.0,2.3453321396972653e6
Adelaide,0.0,0.5,0.0,0.1,3,31.0,2.715912553401693e6
Adelaide,0.0,0.5,0.0,0.1,1,14.0,2.071058169003976e7
Adelaide,0.0,0.5,0.0,0.1,2,14.0,4.1273547313493386e7
Adelaide,0.0,0.5,0.0,0.01,3,26.0,2.3611792575276685e6
Adelaide,0.0,0.5,0.0,0.01,1,16.0,2.754526937192739e7
Adelaide,0.0,0.5,0.0,0.01,2,27.0,2.384337887139892e6
Adelaide,0.0,0.5,0.0,0.001,1,24.0,2.319265198203532e6
Adelaide,0.0,0.5,0.0,0.001,3,28.0,2.324565548494466e6
Adelaide,0.0,0.5,0.0,0.001,2,27.0,2.325274749283854e6
Adelaide,0.0,0.5,0.5,0.1,1,5.0,3.947363992314282e7
Adelaide,0.0,0.5,0.5,0.1,3,2.0,4.4345009630450755e7
Adelaide,0.0,0.5,0.5,0.1,2,16.0,1.5747039694632718e7
Adelaide,0.0,0.5,0.5,0.01,1,31.0,2.359824474820963e6
Adelaide,0.0,0.5,0.5,0.01,3,39.0,2.3701228903645836e6
Adelaide,0.0,0.5,0.5,0.01,2,13.0,4.460228615538566e7
Adelaide,0.0,0.5,0.5,0.001,1,32.0,2.3218307652506507e6
Adelaide,0.0,0.5,0.5,0.001,3,39.0,2.3302734048177083e6
Adelaide,0.0,0.5,0.5,0.001,2,30.0,2.355066063116455e6
Adelaide,0.0,0.5,0.99,0.1,1,0.0,4.0411205321596585e7
Adelaide,0.0,0.5,0.99,0.1,3,13.0,3.503283295985762e7
Adelaide,0.0,0.5,0.99,0.1,2,22.0,3.889800799471926e7
Adelaide,0.0,0.5,0.99,0.01,3,39.0,2.367396753100585e6
Adelaide,0.0,0.5,0.99,0.01,1,35.0,1.4994020607181547e7
Adelaide,0.0,0.5,0.99,0.01,2,24.0,2.359622271659342e6
Adelaide,0.0,0.5,0.99,0.001,1,25.0,2.3498259555013026e6
Adelaide,0.0,0.5,0.99,0.001,3,32.0,2.3647399478881834e6
Adelaide,0.0,0.5,0.99,0.001,2,25.0,2.326568292342122e6
Adelaide,0.0,0.99,0.0,0.1,1,16.0,4.972623481450667e7
Adelaide,0.0,0.99,0.0,0.1,3,17.0,3.665285047471353e7
Adelaide,0.0,0.99,0.0,0.1,2,26.0,1.178673877879111e7
Adelaide,0.0,0.99,0.0,0.01,1,25.0,1.1252081658267021e7
Adelaide,0.0,0.99,0.0,0.01,3,24.0,2.6158289507795714e7
Adelaide,0.0,0.99,0.0,0.01,2,39.0,2.494098720963542e6
Adelaide,0.0,0.99,0.0,0.001,3,38.0,2.332790248177083e6
Adelaide,0.0,0.99,0.0,0.001,1,70.0,5.750750710381571e6
Adelaide,0.0,0.99,0.0,0.001,2,26.0,2.3559036605468746e6
Adelaide,0.0,0.99,0.5,0.1,1,3.0,4.431952982576325e7
Adelaide,0.0,0.99,0.5,0.1,3,29.0,1.5110928153412627e7
Adelaide,0.0,0.99,0.5,0.1,2,0.0,4.3199160803237215e7
Adelaide,0.0,0.99,0.5,0.01,1,28.0,2.3927140237630205e6
Adelaide,0.0,0.99,0.5,0.01,3,59.0,2.3571886968749994e6
Adelaide,0.0,0.99,0.5,0.01,2,43.0,2.359913904207357e6
Adelaide,0.0,0.99,0.5,0.001,1,26.0,2.3234608537760414e6
Adelaide,0.0,0.99,0.5,0.001,3,29.0,2.332439537915039e6
Adelaide,0.0,0.99,0.5,0.001,2,25.0,2.329914187516276e6
Adelaide,0.0,0.99,0.99,0.1,1,1.0,4.64148374788557e7
Adelaide,0.0,0.99,0.99,0.1,3,25.0,5.08835980142844e7
Adelaide,0.0,0.99,0.99,0.1,2,14.0,3.465307216449356e7
Adelaide,0.0,0.99,0.99,0.01,3,28.0,2.373149290973409e6
Adelaide,0.0,0.99,0.99,0.01,1,34.0,2.3913446597005203e6
Adelaide,0.0,0.99,0.99,0.01,2,35.0,2.3595296946411133e6
Adelaide,0.0,0.99,0.99,0.001,1,31.0,2.3265342240804033e6
Adelaide,0.0,0.99,0.99,0.001,3,25.0,2.321341253125e6
Adelaide,0.0,0.99,0.99,0.001,2,30.0,2.3265543046549475e6
Adelaide,0.5,0.0,0.0,0.1,3,13.0,4.672921880029532e7
Adelaide,0.5,0.0,0.0,0.1,1,30.0,8.69353440081164e6
Adelaide,0.5,0.0,0.0,0.1,2,29.0,1.160298703682944e7
Adelaide,0.5,0.0,0.0,0.01,3,35.0,9.025746033904903e6
Adelaide,0.5,0.0,0.0,0.01,1,38.0,2.822321513411458e6
Adelaide,0.5,0.0,0.0,0.01,2,38.0,2.3729045599772134e6
Adelaide,0.5,0.0,0.0,0.001,1,52.0,3.0308767816975904e6
Adelaide,0.5,0.0,0.0,0.001,3,34.0,2.3239373581258133e6
Adelaide,0.5,0.0,0.0,0.001,2,27.0,2.3209876986165363e6
Adelaide,0.5,0.0,0.5,0.1,3,46.0,5.504056445912426e7
Adelaide,0.5,0.0,0.5,0.1,1,21.0,3.2394543834659323e7
Adelaide,0.5,0.0,0.5,0.1,2,16.0,4.046730310173982e7
Adelaide,0.5,0.0,0.5,0.01,1,27.0,2.362822621207682e6
Adelaide,0.5,0.0,0.5,0.01,3,28.0,3.330475602729943e7
Adelaide,0.5,0.0,0.5,0.01,2,24.0,2.0101576400942612e7
Adelaide,0.5,0.0,0.5,0.001,1,41.0,3.0922428938639327e6
Adelaide,0.5,0.0,0.5,0.001,3,51.0,2.345247577880859e6
Adelaide,0.5,0.0,0.5,0.001,2,24.0,2.325698765169271e6
Adelaide,0.5,0.0,0.99,0.1,1,17.0,4.287242020412738e7
Adelaide,0.5,0.0,0.99,0.1,3,18.0,4.331623124466075e7
Adelaide,0.5,0.0,0.99,0.1,2,21.0,4.3074761245082915e7
Adelaide,0.5,0.0,0.99,0.01,1,47.0,3.374061860510254e6
Adelaide,0.5,0.0,0.99,0.01,3,21.0,4.217025241586742e7
Adelaide,0.5,0.0,0.99,0.01,2,32.0,8.339865889050164e6
Adelaide,0.5,0.0,0.99,0.001,3,30.0,2.327329033089192e6
Adelaide,0.5,0.0,0.99,0.001,1,29.0,2.329441812923177e6
Adelaide,0.5,0.0,0.99,0.001,2,41.0,1.7379682707341194e7
Adelaide,0.5,0.5,0.0,0.1,3,10.0,4.567783155860831e7
Adelaide,0.5,0.5,0.0,0.1,1,16.0,4.298979273821443e7
Adelaide,0.5,0.5,0.0,0.1,2,14.0,4.668417788574861e7
Adelaide,0.5,0.5,0.0,0.01,1,26.0,2.3614168913370767e6
Adelaide,0.5,0.5,0.0,0.01,3,29.0,2.366447518634033e6
Adelaide,0.5,0.5,0.0,0.01,2,27.0,2.3763917976236977e6
Adelaide,0.5,0.5,0.0,0.001,1,29.0,2.354836539046224e6
Adelaide,0.5,0.5,0.0,0.001,3,28.0,2.321073026631673e6
Adelaide,0.5,0.5,0.0,0.001,2,27.0,2.3272899860514323e6
Adelaide,0.5,0.5,0.5,0.1,1,25.0,1.790876363352121e7
Adelaide,0.5,0.5,0.5,0.1,3,14.0,4.402504476121655e7
Adelaide,0.5,0.5,0.5,0.1,2,22.0,4.253215179819164e7
Adelaide,0.5,0.5,0.5,0.01,1,24.0,1.1254876375023207e7
Adelaide,0.5,0.5,0.5,0.01,3,27.0,2.3582409460960384e6
Adelaide,0.5,0.5,0.5,0.01,2,32.0,5.780857401123006e6
Adelaide,0.5,0.5,0.5,0.001,1,27.0,2.3577561402140297e6
Adelaide,0.5,0.5,0.5,0.001,3,25.0,2.3215373361002603e6
Adelaide,0.5,0.5,0.5,0.001,2,28.0,2.3295482298990884e6
Adelaide,0.5,0.5,0.99,0.1,3,20.0,4.170429666670062e7
Adelaide,0.5,0.5,0.99,0.1,1,27.0,4.759706290494213e7
Adelaide,0.5,0.5,0.99,0.1,2,19.0,3.637490010669397e7
Adelaide,0.5,0.5,0.99,0.01,3,27.0,2.366716573795573e6
Adelaide,0.5,0.5,0.99,0.01,1,27.0,3.0106592612653032e7
Adelaide,0.5,0.5,0.99,0.01,2,25.0,2.3599338231119784e6
Adelaide,0.5,0.5,0.99,0.001,1,34.0,2.345032212760417e6
Adelaide,0.5,0.5,0.99,0.001,3,86.0,2.3553258032272337e6
Adelaide,0.5,0.5,0.99,0.001,2,24.0,2.323195041308594e6
Adelaide,0.5,0.99,0.0,0.1,3,20.0,3.456972764807771e7
Adelaide,0.5,0.99,0.0,0.1,1,26.0,1.7554107378123157e7
Adelaide,0.5,0.99,0.0,0.1,2,18.0,4.243137015120582e7
Adelaide,0.5,0.99,0.0,0.01,3,30.0,2.466467182089234e6
Adelaide,0.5,0.99,0.0,0.01,1,40.0,1.5413355915099842e7
Adelaide,0.5,0.99,0.0,0.01,2,37.0,1.1706473834365655e7
Adelaide,0.5,0.99,0.0,0.001,1,25.0,2.3217026404622393e6
Adelaide,0.5,0.99,0.0,0.001,3,30.0,2.3698700834106444e6
Adelaide,0.5,0.99,0.0,0.001,2,26.0,2.3289380816243486e6
Adelaide,0.5,0.99,0.5,0.1,1,22.0,3.324190914962298e7
Adelaide,0.5,0.99,0.5,0.1,3,16.0,4.7997320795668855e7
Adelaide,0.5,0.99,0.5,0.1,2,21.0,4.3465522914858304e7
Adelaide,0.5,0.99,0.5,0.01,3,25.0,1.5403187656506095e7
Adelaide,0.5,0.99,0.5,0.01,1,32.0,1.277273204504325e7
Adelaide,0.5,0.99,0.5,0.01,2,27.0,7.080576736215766e6
Adelaide,0.5,0.99,0.5,0.001,1,25.0,2.323226368318685e6
Adelaide,0.5,0.99,0.5,0.001,3,44.0,2.33231341550293e6
Adelaide,0.5,0.99,0.5,0.001,2,25.0,2.326392783152262e6
Adelaide,0.5,0.99,0.99,0.1,1,29.0,2.0226907102084037e7
Adelaide,0.5,0.99,0.99,0.1,3,29.0,4.2849847232125945e7
Adelaide,0.5,0.99,0.99,0.1,2,14.0,4.708525358165518e7
Adelaide,0.5,0.99,0.99,0.01,3,35.0,2.51894310028483e6
Adelaide,0.5,0.99,0.99,0.01,1,28.0,2.349246994108073e6
Adelaide,0.5,0.99,0.99,0.01,2,32.0,2.059114070248782e7
Adelaide,0.5,0.99,0.99,0.001,1,26.0,2.3247270390625e6
Adelaide,0.5,0.99,0.99,0.001,3,30.0,2.3254679168273923e6
Adelaide,0.5,0.99,0.99,0.001,2,37.0,2.373524207080078e6
Adelaide,0.99,0.0,0.0,0.1,1,24.0,4.733066576430493e7
Adelaide,0.99,0.0,0.0,0.1,3,26.0,4.006493602480107e7
Adelaide,0.99,0.0,0.0,0.1,2,23.0,4.3715422434877835e7
Adelaide,0.99,0.0,0.0,0.01,1,35.0,2.655955560588843e7
Adelaide,0.99,0.0,0.0,0.01,3,26.0,3.133870144173939e7
Adelaide,0.99,0.0,0.0,0.01,2,29.0,2.4537093760416666e6
Adelaide,0.99,0.0,0.0,0.001,1,28.0,2.331424352050781e6
Adelaide,0.99,0.0,0.0,0.001,3,48.0,2.3493475382792153e6
Adelaide,0.99,0.0,0.0,0.001,2,32.0,2.328017735872396e6
Adelaide,0.99,0.0,0.5,0.1,1,24.0,3.808387476225224e7
Adelaide,0.99,0.0,0.5,0.1,3,24.0,4.888501975455964e7
Adelaide,0.99,0.0,0.5,0.1,2,24.0,4.705137919968904e7
Adelaide,0.99,0.0,0.5,0.01,1,32.0,2.3618478578613284e6
Adelaide,0.99,0.0,0.5,0.01,3,29.0,2.505894764059488e7
Adelaide,0.99,0.0,0.5,0.01,2,35.0,2.38682267292277e6
Adelaide,0.99,0.0,0.5,0.001,1,27.0,2.324298475585937e6
Adelaide,0.99,0.0,0.5,0.001,3,34.0,2.3304501778574623e6
Adelaide,0.99,0.0,0.5,0.001,2,37.0,2.3430949490559897e6
Adelaide,0.99,0.0,0.99,0.1,1,25.0,4.541935395253733e7
Adelaide,0.99,0.0,0.99,0.1,3,23.0,4.7346638403139554e7
Adelaide,0.99,0.0,0.99,0.1,2,23.0,4.421716432603181e7
Adelaide,0.99,0.0,0.99,0.01,1,41.0,2.375214569718424e6
Adelaide,0.99,0.0,0.99,0.01,3,23.0,4.230319557436352e7
Adelaide,0.99,0.0,0.99,0.01,2,33.0,1.1270029731387137e7
Adelaide,0.99,0.0,0.99,0.001,1,28.0,2.365825171419271e6
Adelaide,0.99,0.0,0.99,0.001,3,25.0,2.3221935947753903e6
Adelaide,0.99,0.0,0.99,0.001,2,27.0,2.3234451458902997e6
Adelaide,0.99,0.5,0.0,0.1,1,29.0,4.362051003798764e7
Adelaide,0.99,0.5,0.0,0.1,3,23.0,3.97948056327275e7
Adelaide,0.99,0.5,0.0,0.1,2,25.0,3.000468040138798e7
Adelaide,0.99,0.5,0.0,0.01,1,24.0,3.259035700838153e7
Adelaide,0.99,0.5,0.0,0.01,3,27.0,5.528208504729144e6
Adelaide,0.99,0.5,0.0,0.01,2,30.0,2.3549311706054686e6
Adelaide,0.99,0.5,0.0,0.001,1,27.0,2.3280826868733717e6
Adelaide,0.99,0.5,0.0,0.001,3,26.0,2.329728266048177e6
Adelaide,0.99,0.5,0.0,0.001,2,26.0,2.328588991422526e6
Adelaide,0.99,0.5,0.5,0.1,1,26.0,6.803236057531118e7
Adelaide,0.99,0.5,0.5,0.1,3,25.0,4.275874233002757e7
Adelaide,0.99,0.5,0.5,0.1,2,24.0,4.397493301427238e7
Adelaide,0.99,0.5,0.5,0.01,1,25.0,2.3797260399739584e6
Adelaide,0.99,0.5,0.5,0.01,3,33.0,2.4600991649658196e6
Adelaide,0.99,0.5,0.5,0.01,2,36.0,2.3561521271657306e6
Adelaide,0.99,0.5,0.5,0.001,3,29.0,2.3546129832492825e6
Adelaide,0.99,0.5,0.5,0.001,1,25.0,2.345923337467448e6
Adelaide,0.99,0.5,0.5,0.001,2,28.0,2.332939710123698e6
Adelaide,0.99,0.5,0.99,0.1,1,42.0,4.879952940694645e7
Adelaide,0.99,0.5,0.99,0.1,3,32.0,2.6831102876580365e7
Adelaide,0.99,0.5,0.99,0.1,2,59.0,1.398709946300059e8
Adelaide,0.99,0.5,0.99,0.01,1,30.0,4.169662411204567e7
Adelaide,0.99,0.5,0.99,0.01,3,30.0,1.2151189361166192e7
Adelaide,0.99,0.5,0.99,0.01,2,26.0,2.3550380115559897e6
Adelaide,0.99,0.5,0.99,0.001,1,28.0,2.332189621061198e6
Adelaide,0.99,0.5,0.99,0.001,3,26.0,2.321762411653646e6
Adelaide,0.99,0.5,0.99,0.001,2,32.0,2.325918264423625e6
Adelaide,0.99,0.99,0.0,0.1,1,27.0,4.643841923321463e7
Adelaide,0.99,0.99,0.0,0.1,3,31.0,2.3458600664669435e7
Adelaide,0.99,0.99,0.0,0.1,2,24.0,3.172510793073368e7
Adelaide,0.99,0.99,0.0,0.01,1,55.0,2.5529399172278233e7
Adelaide,0.99,0.99,0.0,0.01,3,26.0,2.358895398339844e6
Adelaide,0.99,0.99,0.0,0.01,2,32.0,2.423498781087239e6
Adelaide,0.99,0.99,0.0,0.001,3,24.0,2.3213846864908854e6
Adelaide,0.99,0.99,0.0,0.001,1,26.0,2.3308786096516927e6
Adelaide,0.99,0.99,0.0,0.001,2,30.0,2.3430981373339333e6
Adelaide,0.99,0.99,0.5,0.1,1,25.0,4.651723770457186e7
Adelaide,0.99,0.99,0.5,0.1,3,26.0,4.11715065435805e7
Adelaide,0.99,0.99,0.5,0.1,2,27.0,4.703217562235343e7
Adelaide,0.99,0.99,0.5,0.01,1,29.0,2.6888930140299476e6
Adelaide,0.99,0.99,0.5,0.01,3,30.0,2.355336526969401e6
Adelaide,0.99,0.99,0.5,0.01,2,28.0,2.3717359175781244e6
Adelaide,0.99,0.99,0.5,0.001,1,34.0,2.3255732183430986e6
Adelaide,0.99,0.99,0.5,0.001,3,26.0,2.328165860965983e6
Adelaide,0.99,0.99,0.5,0.001,2,33.0,2.33282192438151e6
Adelaide,0.99,0.99,0.99,0.1,1,98.0,5.1616583245225884e7
Adelaide,0.99,0.99,0.99,0.1,3,54.0,1.6010794149045807e8
Adelaide,0.99,0.99,0.99,0.1,2,52.0,3.9398155004666224e7
Adelaide,0.99,0.99,0.99,0.01,1,51.0,4.424182798231177e7
Adelaide,0.99,0.99,0.99,0.01,3,35.0,2.422559783902995e6
Adelaide,0.99,0.99,0.99,0.01,2,33.0,2.4175569335245765e6
Adelaide,0.99,0.99,0.99,0.001,1,40.0,4.698621868624139e6
Adelaide,0.99,0.99,0.99,0.001,3,39.0,2.335975686824544e6
Adelaide,0.99,0.99,0.99,0.001,2,31.0,2.3248642000651043e6
Brisbane,0.0,0.0,0.0,0.1,3,117.0,1.0137023026292054e8
Brisbane,0.0,0.0,0.0,0.1,1,80.0,1.4153377836540273e8
Brisbane,0.0,0.0,0.0,0.1,2,132.0,9.945237763505484e7
Brisbane,0.0,0.0,0.0,0.01,3,178.0,2.350989080358086e7
Brisbane,0.0,0.0,0.0,0.01,1,178.0,2.6689840271855663e6
Brisbane,0.0,0.0,0.0,0.01,2,156.0,1.2171411248259585e7
Brisbane,0.0,0.0,0.0,0.001,1,198.0,2.6803411999392183e6
Brisbane,0.0,0.0,0.0,0.001,3,165.0,2.3357930928909304e6
Brisbane,0.0,0.0,0.0,0.001,2,175.0,3.2209866202835087e6
Brisbane,0.0,0.0,0.5,0.1,1,152.0,1.1423479040263231e8
Brisbane,0.0,0.0,0.5,0.1,3,111.0,1.0643265578403333e8
Brisbane,0.0,0.0,0.5,0.1,2,109.0,1.0550392043234442e8
Brisbane,0.0,0.0,0.5,0.01,1,182.0,6.845331032215332e6
Brisbane,0.0,0.0,0.5,0.01,3,161.0,8.531397601814222e7
Brisbane,0.0,0.0,0.5,0.01,2,199.0,6.4489637691194154e7
Brisbane,0.0,0.0,0.5,0.001,1,174.0,2.6961731744043985e6
Brisbane,0.0,0.0,0.5,0.001,3,158.0,2.4283565049576517e7
Brisbane,0.0,0.0,0.5,0.001,2,163.0,2.9416197321996056e6
Brisbane,0.0,0.0,0.99,0.1,1,121.0,9.416052382823929e7
Brisbane,0.0,0.0,0.99,0.1,3,138.0,8.47389848763629e7
Brisbane,0.0,0.0,0.99,0.1,2,109.0,1.337233228645352e8
Brisbane,0.0,0.0,0.99,0.01,1,233.0,3.3304569786767475e7
Brisbane,0.0,0.0,0.99,0.01,3,164.0,2.8361480991460164e6
Brisbane,0.0,0.0,0.99,0.01,2,149.0,4.23872198425558e7
Brisbane,0.0,0.0,0.99,0.001,1,159.0,3.3111917371688844e6
Brisbane,0.0,0.0,0.99,0.001,3,144.0,3.3115835589000758e7
Brisbane,0.0,0.0,0.99,0.001,2,184.0,4.345625461000865e7
Brisbane,0.0,0.5,0.0,0.1,1,111.0,8.548833425979477e7
Brisbane,0.0,0.5,0.0,0.1,3,127.0,7.797776721080436e7
Brisbane,0.0,0.5,0.0,0.1,2,94.0,1.0269773290953946e8
Brisbane,0.0,0.5,0.0,0.01,1,164.0,5.516333258564491e7
Brisbane,0.0,0.5,0.0,0.01,3,217.0,3.3663328315007533e6
Brisbane,0.0,0.5,0.0,0.01,2,189.0,1.4285826423776058e7
Brisbane,0.0,0.5,0.0,0.001,3,168.0,2.8762273196151736e6
Brisbane,0.0,0.5,0.0,0.001,1,196.0,2.636156523699952e6
Brisbane,0.0,0.5,0.0,0.001,2,167.0,2.388231126226806e6
Brisbane,0.0,0.5,0.5,0.1,1,124.0,1.237495616524592e8
Brisbane,0.0,0.5,0.5,0.1,3,118.0,1.4817228849112272e8
Brisbane,0.0,0.5,0.5,0.1,2,115.0,9.192710455399294e7
Brisbane,0.0,0.5,0.5,0.01,3,215.0,3.456950155859883e6
Brisbane,0.0,0.5,0.5,0.01,1,191.0,7.453979715954123e7
Brisbane,0.0,0.5,0.5,0.01,2,170.0,2.9546214891199754e6
Brisbane,0.0,0.5,0.5,0.001,1,217.0,2.607111385195669e6
Brisbane,0.0,0.5,0.5,0.001,3,196.0,3.049809261647194e7
Brisbane,0.0,0.5,0.5,0.001,2,186.0,2.871410474639639e6
Brisbane,0.0,0.5,0.99,0.1,1,164.0,1.0602584740954775e8
Brisbane,0.0,0.5,0.99,0.1,3,139.0,1.3360901679634494e8
Brisbane,0.0,0.5,0.99,0.1,2,135.0,1.386024862605802e8
Brisbane,0.0,0.5,0.99,0.01,1,166.0,3.6093039410832725e6
Brisbane,0.0,0.5,0.99,0.01,3,184.0,1.000538805693036e7
Brisbane,0.0,0.5,0.99,0.01,2,189.0,2.4476806579159107e6
Brisbane,0.0,0.5,0.99,0.001,1,193.0,2.7836207855336512e6
Brisbane,0.0,0.5,0.99,0.001,3,211.0,3.092180060973867e6
Brisbane,0.0,0.5,0.99,0.001,2,183.0,2.198718508022563e6
Brisbane,0.0,0.99,0.0,0.1,1,155.0,1.0033923151579654e8
Brisbane,0.0,0.99,0.0,0.1,3,99.0,1.1877320668535258e8
Brisbane,0.0,0.99,0.0,0.1,2,139.0,9.501037070062555e7
Brisbane,0.0,0.99,0.0,0.01,3,188.0,2.4451247542264506e7
Brisbane,0.0,0.99,0.0,0.01,1,174.0,3.370144617990875e6
Brisbane,0.0,0.99,0.0,0.01,2,208.0,2.4971871763977045e6
Brisbane,0.0,0.99,0.0,0.001,1,182.0,2.2243754246245064e6
Brisbane,0.0,0.99,0.0,0.001,3,196.0,3.0749063369491575e6
Brisbane,0.0,0.99,0.0,0.001,2,196.0,2.766867637468465e6
Brisbane,0.0,0.99,0.5,0.1,1,107.0,1.2232321709478004e8
Brisbane,0.0,0.99,0.5,0.1,3,96.0,1.0523500208983386e8
Brisbane,0.0,0.99,0.5,0.1,2,112.0,1.5243105841411737e8
Brisbane,0.0,0.99,0.5,0.01,1,177.0,3.3137327502708234e7
Brisbane,0.0,0.99,0.5,0.01,3,183.0,6.439583926427216e7
Brisbane,0.0,0.99,0.5,0.01,2,184.0,2.4112075355490502e7
Brisbane,0.0,0.99,0.5,0.001,1,193.0,2.4552065420488995e6
Brisbane,0.0,0.99,0.5,0.001,3,185.0,3.17106897695872e6
Brisbane,0.0,0.99,0.5,0.001,2,178.0,2.7085156006810507e6
Brisbane,0.0,0.99,0.99,0.1,1,144.0,1.286958975479796e8
Brisbane,0.0,0.99,0.99,0.1,3,112.0,9.8639273057209e7
Brisbane,0.0,0.99,0.99,0.1,2,129.0,1.551802261530858e8
Brisbane,0.0,0.99,0.99,0.01,1,186.0,3.3819643029829664e6
Brisbane,0.0,0.99,0.99,0.01,3,177.0,2.3957546103982244e7
Brisbane,0.0,0.99,0.99,0.01,2,238.0,3.3964606443028776e6
Brisbane,0.0,0.99,0.99,0.001,1,165.0,3.0082102009361275e6
Brisbane,0.0,0.99,0.99,0.001,3,214.0,3.294662627509817e6
Brisbane,0.0,0.99,0.99,0.001,2,185.0,3.3778278770512186e7
Brisbane,0.5,0.0,0.0,0.1,1,125.0,1.1842997417284934e8
Brisbane,0.5,0.0,0.0,0.1,3,171.0,1.0966681970955847e8
Brisbane,0.5,0.0,0.0,0.1,2,155.0,1.0501601241016084e8
Brisbane,0.5,0.0,0.0,0.01,1,187.0,6.397490008594353e7
Brisbane,0.5,0.0,0.0,0.01,3,217.0,3.1019116689386996e6
Brisbane,0.5,0.0,0.0,0.01,2,178.0,4.2419949951400146e7
Brisbane,0.5,0.0,0.0,0.001,1,174.0,2.7999335759007772e6
Brisbane,0.5,0.0,0.0,0.001,3,210.0,5.366591045115525e7
Brisbane,0.5,0.0,0.0,0.001,2,197.0,3.521049446986008e6
Brisbane,0.5,0.0,0.5,0.1,1,164.0,1.1194630346825656e8
Brisbane,0.5,0.0,0.5,0.1,3,153.0,1.0731991010314882e8
Brisbane,0.5,0.0,0.5,0.1,2,158.0,1.127213526020726e8
Brisbane,0.5,0.0,0.5,0.01,1,179.0,6.4068330510136776e7
Brisbane,0.5,0.0,0.5,0.01,3,200.0,1.3598617263780853e7
Brisbane,0.5,0.0,0.5,0.01,2,176.0,3.582133849751465e7
Brisbane,0.5,0.0,0.5,0.001,1,185.0,1.9485596163014728e6
Brisbane,0.5,0.0,0.5,0.001,3,215.0,2.632089794982719e6
Brisbane,0.5,0.0,0.5,0.001,2,203.0,3.4833559140467327e6
Brisbane,0.5,0.0,0.99,0.1,1,164.0,1.2145127012758891e8
Brisbane,0.5,0.0,0.99,0.1,3,153.0,1.123859147909452e8
Brisbane,0.5,0.0,0.99,0.1,2,186.0,1.171250997629494e8
Brisbane,0.5,0.0,0.99,0.01,1,210.0,5.135902556271715e7
Brisbane,0.5,0.0,0.99,0.01,3,198.0,2.3254883883741964e7
Brisbane,0.5,0.0,0.99,0.01,2,196.0,3.3231294054980647e7
Brisbane,0.5,0.0,0.99,0.001,1,171.0,2.860681129555766e6
Brisbane,0.5,0.0,0.99,0.001,3,209.0,3.8322093242256166e6
Brisbane,0.5,0.0,0.99,0.001,2,169.0,2.907812248498281e6
Brisbane,0.5,0.5,0.0,0.1,3,127.0,9.856384301428136e7
Brisbane,0.5,0.5,0.0,0.1,1,139.0,1.0444547153537641e8
Brisbane,0.5,0.5,0.0,0.1,2,178.0,2.804046970559856e8
Brisbane,0.5,0.5,0.0,0.01,1,201.0,1.4810330553961286e7
Brisbane,0.5,0.5,0.0,0.01,3,178.0,3.339855734456208e7
Brisbane,0.5,0.5,0.0,0.01,2,178.0,2.0987098003685e6
Brisbane,0.5,0.5,0.0,0.001,1,176.0,2.489514996673075e6
Brisbane,0.5,0.5,0.0,0.001,3,170.0,3.617838988509623e6
Brisbane,0.5,0.5,0.0,0.001,2,198.0,2.2557628986740108e6
Brisbane,0.5,0.5,0.5,0.1,1,146.0,1.0953155924742985e8
Brisbane,0.5,0.5,0.5,0.1,3,174.0,1.2053983017428492e8
Brisbane,0.5,0.5,0.5,0.1,2,112.0,1.1501053861752957e8
Brisbane,0.5,0.5,0.5,0.01,1,197.0,2.771316576869202e6
Brisbane,0.5,0.5,0.5,0.01,3,185.0,5.984942693587595e7
Brisbane,0.5,0.5,0.5,0.01,2,203.0,7.017648253933029e7
Brisbane,0.5,0.5,0.5,0.001,3,169.0,3.5011715924301143e6
Brisbane,0.5,0.5,0.5,0.001,1,193.0,1.3681725958669221e7
Brisbane,0.5,0.5,0.5,0.001,2,173.0,2.7750290490605673e6
Brisbane,0.5,0.5,0.99,0.1,1,162.0,1.166753738414716e8
Brisbane,0.5,0.5,0.99,0.1,3,171.0,1.1999880894988672e8
Brisbane,0.5,0.5,0.99,0.1,2,152.0,9.8954278235344e7
Brisbane,0.5,0.5,0.99,0.01,3,218.0,3.0668687391117558e7
Brisbane,0.5,0.5,0.99,0.01,1,188.0,5.4149674462094635e7
Brisbane,0.5,0.5,0.99,0.01,2,183.0,5.286323391508561e7
Brisbane,0.5,0.5,0.99,0.001,3,197.0,3.8590712855957034e6
Brisbane,0.5,0.5,0.99,0.001,1,180.0,3.3752690295468643e6
Brisbane,0.5,0.5,0.99,0.001,2,184.0,2.3091083189043677e6
Brisbane,0.5,0.99,0.0,0.1,1,106.0,1.2328125095710362e8
Brisbane,0.5,0.99,0.0,0.1,3,166.0,6.6603937791070275e7
Brisbane,0.5,0.99,0.0,0.1,2,182.0,9.286838825805983e7
Brisbane,0.5,0.99,0.0,0.01,1,219.0,3.764484607634104e7
Brisbane,0.5,0.99,0.0,0.01,3,181.0,2.3915344569168296e7
Brisbane,0.5,0.99,0.0,0.01,2,209.0,1.0044336823390727e8
Brisbane,0.5,0.99,0.0,0.001,1,160.0,3.488644778823344e6
Brisbane,0.5,0.99,0.0,0.001,3,184.0,2.9179086201026924e6
Brisbane,0.5,0.99,0.0,0.001,2,208.0,3.4716645748423254e6
Brisbane,0.5,0.99,0.5,0.1,1,127.0,1.1898481866436082e8
Brisbane,0.5,0.99,0.5,0.1,3,203.0,8.665162800291133e7
Brisbane,0.5,0.99,0.5,0.1,2,157.0,1.4728725774493125e8
Brisbane,0.5,0.99,0.5,0.01,1,195.0,2.5258812181783044e6
Brisbane,0.5,0.99,0.5,0.01,3,190.0,4.38149110748229e7
Brisbane,0.5,0.99,0.5,0.01,2,178.0,3.59601429846863e7
Brisbane,0.5,0.99,0.5,0.001,1,167.0,2.7681184739934285e6
Brisbane,0.5,0.99,0.5,0.001,3,188.0,3.2569524664769494e6
Brisbane,0.5,0.99,0.5,0.001,2,201.0,3.1941932211318966e6
Brisbane,0.5,0.99,0.99,0.1,3,170.0,1.4988582510076886e8
Brisbane,0.5,0.99,0.99,0.1,1,168.0,5.825181126705241e7
Brisbane,0.5,0.99,0.99,0.1,2,163.0,1.3686930234623915e8
Brisbane,0.5,0.99,0.99,0.01,1,188.0,1.3885486193110252e7
Brisbane,0.5,0.99,0.99,0.01,3,195.0,5.46288109366795e7
Brisbane,0.5,0.99,0.99,0.01,2,205.0,5.6691045340065e7
Brisbane,0.5,0.99,0.99,0.001,1,166.0,2.4757546077092486e6
Brisbane,0.5,0.99,0.99,0.001,3,201.0,3.475927980706024e6
Brisbane,0.5,0.99,0.99,0.001,2,188.0,2.3448285335291545e6
Brisbane,0.99,0.0,0.0,0.1,3,170.0,7.525093589977443e7
Brisbane,0.99,0.0,0.0,0.1,1,187.0,8.04055151157927e7
Brisbane,0.99,0.0,0.0,0.1,2,144.0,1.2101792015732552e8
Brisbane,0.99,0.0,0.0,0.01,3,182.0,3.003183324703216e6
Brisbane,0.99,0.0,0.0,0.01,1,197.0,4.087444578305817e7
Brisbane,0.99,0.0,0.0,0.01,2,217.0,4.326982743643829e7
Brisbane,0.99,0.0,0.0,0.001,1,194.0,2.9279990554046636e6
Brisbane,0.99,0.0,0.0,0.001,3,210.0,3.359966623714701e6
Brisbane,0.99,0.0,0.0,0.001,2,191.0,3.1147452501429245e6
Brisbane,0.99,0.0,0.5,0.1,3,184.0,8.220740173445053e7
Brisbane,0.99,0.0,0.5,0.1,1,177.0,1.4211953005588886e8
Brisbane,0.99,0.0,0.5,0.1,2,192.0,1.2286251488202229e8
Brisbane,0.99,0.0,0.5,0.01,3,217.0,6.6538331514334016e7
Brisbane,0.99,0.0,0.5,0.01,1,178.0,2.797161140187856e7
Brisbane,0.99,0.0,0.5,0.01,2,199.0,2.513728486779789e7
Brisbane,0.99,0.0,0.5,0.001,3,199.0,3.2956334393273676e6
Brisbane,0.99,0.0,0.5,0.001,1,200.0,2.7045049012941997e6
Brisbane,0.99,0.0,0.5,0.001,2,187.0,7.566053565883149e7
Brisbane,0.99,0.0,0.99,0.1,1,187.0,1.1125107361694829e8
Brisbane,0.99,0.0,0.99,0.1,3,184.0,4.96735569678743e7
Brisbane,0.99,0.0,0.99,0.1,2,195.0,8.012579148497681e7
Brisbane,0.99,0.0,0.99,0.01,1,218.0,5.443414703383484e7
Brisbane,0.99,0.0,0.99,0.01,3,212.0,2.3677406620829264e6
Brisbane,0.99,0.0,0.99,0.01,2,205.0,4.646575391601045e7
Brisbane,0.99,0.0,0.99,0.001,1,176.0,2.473783900775655e6
Brisbane,0.99,0.0,0.99,0.001,3,181.0,2.4542578287391667e6
Brisbane,0.99,0.0,0.99,0.001,2,194.0,3.907772272249858e6
Brisbane,0.99,0.5,0.0,0.1,3,196.0,9.920179088241433e7
Brisbane,0.99,0.5,0.0,0.1,1,161.0,9.37701139345169e7
Brisbane,0.99,0.5,0.0,0.1,2,157.0,6.682005670710637e7
Brisbane,0.99,0.5,0.0,0.01,3,124.0,7.320271827700546e7
Brisbane,0.99,0.5,0.0,0.01,1,180.0,2.600959504111226e6
Brisbane,0.99,0.5,0.0,0.01,2,162.0,2.4581144899465546e7
Brisbane,0.99,0.5,0.0,0.001,1,177.0,2.6101499206848135e6
Brisbane,0.99,0.5,0.0,0.001,3,213.0,3.579974468701172e6
Brisbane,0.99,0.5,0.0,0.001,2,205.0,3.173524108374278e6
Brisbane,0.99,0.5,0.5,0.1,3,179.0,6.882331543357499e7
Brisbane,0.99,0.5,0.5,0.1,1,167.0,8.106214509616683e7
Brisbane,0.99,0.5,0.5,0.1,2,171.0,1.2133253838314858e8
Brisbane,0.99,0.5,0.5,0.01,3,189.0,1.2548236752442239e7
Brisbane,0.99,0.5,0.5,0.01,1,203.0,5.3261445350555174e7
Brisbane,0.99,0.5,0.5,0.01,2,186.0,1.3889971674363011e7
Brisbane,0.99,0.5,0.5,0.001,1,206.0,3.2216955477971397e6
Brisbane,0.99,0.5,0.5,0.001,3,191.0,3.1307083814173373e6
Brisbane,0.99,0.5,0.5,0.001,2,200.0,3.070520658749898e6
Brisbane,0.99,0.5,0.99,0.1,1,154.0,1.364615261185126e8
Brisbane,0.99,0.5,0.99,0.1,3,171.0,7.405822686616044e7
Brisbane,0.99,0.5,0.99,0.1,2,177.0,1.566353238127756e8
Brisbane,0.99,0.5,0.99,0.01,3,164.0,2.4213761147054043e6
Brisbane,0.99,0.5,0.99,0.01,1,187.0,3.0652364576388034e6
Brisbane,0.99,0.5,0.99,0.01,2,206.0,2.7948905713729854e6
Brisbane,0.99,0.5,0.99,0.001,1,174.0,3.5134126842431375e6
Brisbane,0.99,0.5,0.99,0.001,3,193.0,4.105391045204417e6
Brisbane,0.99,0.5,0.99,0.001,2,198.0,3.871976273569743e6
Brisbane,0.99,0.99,0.0,0.1,1,167.0,1.0848630921983811e8
Brisbane,0.99,0.99,0.0,0.1,3,148.0,9.728433408834629e7
Brisbane,0.99,0.99,0.0,0.1,2,171.0,1.1377757390726353e8
Brisbane,0.99,0.99,0.0,0.01,3,188.0,3.085283666544979e6
Brisbane,0.99,0.99,0.0,0.01,1,182.0,3.830424634864806e6
Brisbane,0.99,0.99,0.0,0.01,2,164.0,6.688627967285065e7
Brisbane,0.99,0.99,0.0,0.001,1,168.0,1.8637183597315468e6
Brisbane,0.99,0.99,0.0,0.001,3,161.0,8.514599250283185e7
Brisbane,0.99,0.99,0.0,0.001,2,187.0,1.9945580500981652e6
Brisbane,0.99,0.99,0.5,0.1,3,179.0,1.0310845774106857e8
Brisbane,0.99,0.99,0.5,0.1,1,190.0,1.4077062684707844e8
Brisbane,0.99,0.99,0.5,0.1,2,183.0,7.487019199308336e7
Brisbane,0.99,0.99,0.5,0.01,3,237.0,2.928735015466817e6
Brisbane,0.99,0.99,0.5,0.01,1,151.0,3.0631482692225133e6
Brisbane,0.99,0.99,0.5,0.01,2,189.0,1.3016630026870796e7
Brisbane,0.99,0.99,0.5,0.001,1,198.0,3.384249482680771e7
Brisbane,0.99,0.99,0.5,0.001,3,196.0,2.5922473530038195e6
Brisbane,0.99,0.99,0.5,0.001,2,174.0,3.359170466539845e7
Brisbane,0.99,0.99,0.99,0.1,1,208.0,8.452559787988567e7
Brisbane,0.99,0.99,0.99,0.1,3,221.0,1.2587030714984497e8
Brisbane,0.99,0.99,0.99,0.1,2,214.0,7.588572114706703e7
Brisbane,0.99,0.99,0.99,0.01,1,183.0,4.1720875018956505e7
Brisbane,0.99,0.99,0.99,0.01,3,156.0,3.583715258635457e6
Brisbane,0.99,0.99,0.99,0.01,2,175.0,2.4653500892893476e6
Brisbane,0.99,0.99,0.99,0.001,3,189.0,2.984020623924255e6
Brisbane,0.99,0.99,0.99,0.001,1,180.0,2.9000701853439338e6
Brisbane,0.99,0.99,0.99,0.001,2,231.0,3.1147571959630325e6
Cairns,0.0,0.0,0.0,0.1,1,179.0,9.474778155691461e7
Cairns,0.0,0.0,0.0,0.1,3,120.0,1.034662794581154e8
Cairns,0.0,0.0,0.0,0.1,2,180.0,1.000042621035252e8
Cairns,0.0,0.0,0.0,0.01,1,285.0,2.2244350064890172e7
Cairns,0.0,0.0,0.0,0.01,3,265.0,2.7242653034348484e7
Cairns,0.0,0.0,0.0,0.01,2,257.0,7.222941658362016e7
Cairns,0.0,0.0,0.0,0.001,1,246.0,770586.3187683106
Cairns,0.0,0.0,0.0,0.001,3,236.0,332872.9420056661
Cairns,0.0,0.0,0.0,0.001,2,401.0,2.301147899686776e7
Cairns,0.0,0.0,0.5,0.1,1,198.0,1.3317153114124347e8
Cairns,0.0,0.0,0.5,0.1,3,141.0,1.0635911707883291e8
Cairns,0.0,0.0,0.5,0.1,2,185.0,1.2046465457309549e8
Cairns,0.0,0.0,0.5,0.01,3,254.0,5.173210199542599e7
Cairns,0.0,0.0,0.5,0.01,1,319.0,284700.18599090574
Cairns,0.0,0.0,0.5,0.01,2,296.0,3.3882743268840335e7
Cairns,0.0,0.0,0.5,0.001,1,285.0,293767.5640263876
Cairns,0.0,0.0,0.5,0.001,3,223.0,1.597051232545217e6
Cairns,0.0,0.0,0.5,0.001,2,228.0,243487.9025293986
Cairns,0.0,0.0,0.99,0.1,3,159.0,1.3118913545846897e8
Cairns,0.0,0.0,0.99,0.1,1,126.0,1.5705519154245788e8
Cairns,0.0,0.0,0.99,0.1,2,217.0,1.400825522394975e8
Cairns,0.0,0.0,0.99,0.01,1,209.0,2.3413876951546237e7
Cairns,0.0,0.0,0.99,0.01,3,266.0,3.1453715838623572e7
Cairns,0.0,0.0,0.99,0.01,2,317.0,8.707139503592874e7
Cairns,0.0,0.0,0.99,0.001,3,283.0,804498.4640543619
Cairns,0.0,0.0,0.99,0.001,1,307.0,1.4013753512392682e6
Cairns,0.0,0.0,0.99,0.001,2,248.0,1.0182569335545857e6
Cairns,0.0,0.5,0.0,0.1,1,108.0,1.5254193765691e8
Cairns,0.0,0.5,0.0,0.1,3,214.0,1.1465938891137275e8
Cairns,0.0,0.5,0.0,0.1,2,191.0,8.433553875890164e7
Cairns,0.0,0.5,0.0,0.01,1,291.0,9.265253630684336e7
Cairns,0.0,0.5,0.0,0.01,3,293.0,2.1600223881654236e7
Cairns,0.0,0.5,0.0,0.01,2,346.0,4.149888735748892e7
Cairns,0.0,0.5,0.0,0.001,3,277.0,481209.71011225384
Cairns,0.0,0.5,0.0,0.001,1,304.0,1.4520586661542256e6
Cairns,0.0,0.5,0.0,0.001,2,277.0,462283.71261978155
Cairns,0.0,0.5,0.5,0.1,1,258.0,1.3616201508794132e8
Cairns,0.0,0.5,0.5,0.1,3,221.0,1.1365747746596733e8
Cairns,0.0,0.5,0.5,0.1,2,145.0,9.086641402978514e7
Cairns,0.0,0.5,0.5,0.01,1,285.0,4.446263883919505e7
Cairns,0.0,0.5,0.5,0.01,3,270.0,8.242962249848711e7
Cairns,0.0,0.5,0.5,0.01,2,262.0,2.443242974524569e7
Cairns,0.0,0.5,0.5,0.001,1,303.0,1.2985187376101178e6
Cairns,0.0,0.5,0.5,0.001,3,348.0,526734.7886980693
Cairns,0.0,0.5,0.5,0.001,2,310.0,3.304646946022924e6
Cairns,0.0,0.5,0.99,0.1,1,170.0,1.61726768681246e8
Cairns,0.0,0.5,0.99,0.1,3,239.0,1.136670978266442e8
Cairns,0.0,0.5,0.99,0.1,2,158.0,1.2822783651113077e8
Cairns,0.0,0.5,0.99,0.01,1,278.0,3.4201307285927325e7
Cairns,0.0,0.5,0.99,0.01,3,321.0,8.447795655352968e7
Cairns,0.0,0.5,0.99,0.01,2,252.0,7.359162366067652e7
Cairns,0.0,0.5,0.99,0.001,3,360.0,928247.4303479512
Cairns,0.0,0.5,0.99,0.001,1,294.0,1.257865441727193e6
Cairns,0.0,0.5,0.99,0.001,2,299.0,250372.8355695089
Cairns,0.0,0.99,0.0,0.1,1,113.0,1.4068620405654237e8
Cairns,0.0,0.99,0.0,0.1,3,98.0,1.2706155046033746e8
Cairns,0.0,0.99,0.0,0.1,2,174.0,9.253375830032443e7
Cairns,0.0,0.99,0.0,0.01,3,249.0,8.306633773021017e7
Cairns,0.0,0.99,0.0,0.01,1,246.0,5.228837536949757e7
Cairns,0.0,0.99,0.0,0.01,2,322.0,8.939693125996448e6
Cairns,0.0,0.99,0.0,0.001,1,314.0,1.834097272375361e6
Cairns,0.0,0.99,0.0,0.001,3,261.0,1.580944728129069e6
Cairns,0.0,0.99,0.0,0.001,2,263.0,2.2492861891722362e6
Cairns,0.0,0.99,0.5,0.1,1,167.0,1.32429881768744e8
Cairns,0.0,0.99,0.5,0.1,3,229.0,1.404471733231028e8
Cairns,0.0,0.99,0.5,0.1,2,175.0,1.1952911981429139e8
Cairns,0.0,0.99,0.5,0.01,1,270.0,9.21739340656928e7
Cairns,0.0,0.99,0.5,0.01,3,287.0,6.06691402148964e7
Cairns,0.0,0.99,0.5,0.01,2,339.0,1.1679785017406271e8
Cairns,0.0,0.99,0.5,0.001,1,325.0,2.8507017211921695e6
Cairns,0.0,0.99,0.5,0.001,3,333.0,3.6009427727269724e7
Cairns,0.0,0.99,0.5,0.001,2,345.0,301443.6011797587
Cairns,0.0,0.99,0.99,0.1,1,227.0,2.012355084257144e8
Cairns,0.0,0.99,0.99,0.1,3,160.0,1.6842259454379508e8
Cairns,0.0,0.99,0.99,0.1,2,167.0,1.4727670828483197e8
Cairns,0.0,0.99,0.99,0.01,1,288.0,1.4261087623436319e7
Cairns,0.0,0.99,0.99,0.01,3,278.0,1.2982891386404142e7
Cairns,0.0,0.99,0.99,0.01,2,303.0,7.358484712261443e7
Cairns,0.0,0.99,0.99,0.001,1,259.0,1.6139301660568237e6
Cairns,0.0,0.99,0.99,0.001,3,324.0,1.4980870404286704e6
Cairns,0.0,0.99,0.99,0.001,2,349.0,1.5550814270476026e6
Cairns,0.5,0.0,0.0,0.1,1,245.0,1.615410856773411e8
Cairns,0.5,0.0,0.0,0.1,3,170.0,1.3773359493614087e8
Cairns,0.5,0.0,0.0,0.1,2,305.0,1.019517931882219e8
Cairns,0.5,0.0,0.0,0.01,1,324.0,5.384755107163776e7
Cairns,0.5,0.0,0.0,0.01,3,272.0,8.191617802007681e7
Cairns,0.5,0.0,0.0,0.01,2,303.0,9.945494846318191e7
Cairns,0.5,0.0,0.0,0.001,1,300.0,300623.18243509927
Cairns,0.5,0.0,0.0,0.001,3,317.0,506483.3282934825
Cairns,0.5,0.0,0.0,0.001,2,296.0,1.3012306207092283e6
Cairns,0.5,0.0,0.5,0.1,1,188.0,1.1445628233769585e8
Cairns,0.5,0.0,0.5,0.1,3,265.0,1.0141869983109896e8
Cairns,0.5,0.0,0.5,0.1,2,319.0,1.4142851966561383e8
Cairns,0.5,0.0,0.5,0.01,1,237.0,2.1269839793923832e7
Cairns,0.5,0.0,0.5,0.01,3,337.0,3.1659732410809126e7
Cairns,0.5,0.0,0.5,0.01,2,270.0,337388.8245173137
Cairns,0.5,0.0,0.5,0.001,1,253.0,503115.6393828074
Cairns,0.5,0.0,0.5,0.001,3,292.0,1.9558852856896718e6
Cairns,0.5,0.0,0.5,0.001,2,315.0,1.9233920024200438e6
Cairns,0.5,0.0,0.99,0.1,1,305.0,1.5766642383982214e8
Cairns,0.5,0.0,0.99,0.1,3,296.0,1.0736511791337556e8
Cairns,0.5,0.0,0.99,0.1,2,263.0,1.4608082136596197e8
Cairns,0.5,0.0,0.99,0.01,1,323.0,3.757029319857865e7
Cairns,0.5,0.0,0.99,0.01,3,279.0,6.480636219268352e7
Cairns,0.5,0.0,0.99,0.01,2,253.0,1.203685940407944e6
Cairns,0.5,0.0,0.99,0.001,1,276.0,465172.13479156495
Cairns,0.5,0.0,0.99,0.001,3,266.0,861399.4555138906
Cairns,0.5,0.0,0.99,0.001,2,314.0,588074.9778511684
Cairns,0.5,0.5,0.0,0.1,3,263.0,9.738232270700437e7
Cairns,0.5,0.5,0.0,0.1,1,247.0,1.760459981256777e8
Cairns,0.5,0.5,0.0,0.1,2,293.0,9.293829022223806e7
Cairns,0.5,0.5,0.0,0.01,1,298.0,4.964211315929811e7
Cairns,0.5,0.5,0.0,0.01,3,267.0,2.399457741093618e7
Cairns,0.5,0.5,0.0,0.01,2,280.0,9.237157943076317e7
Cairns,0.5,0.5,0.0,0.001,1,334.0,1.060411803283946e6
Cairns,0.5,0.5,0.0,0.001,3,291.0,311348.9198506673
Cairns,0.5,0.5,0.0,0.001,2,304.0,355382.4880775451
Cairns,0.5,0.5,0.5,0.1,1,267.0,1.8443880365729606e8
Cairns,0.5,0.5,0.5,0.1,3,277.0,1.448563792321416e8
Cairns,0.5,0.5,0.5,0.1,2,333.0,1.3504255275546357e8
Cairns,0.5,0.5,0.5,0.01,1,270.0,2.140054355088769e7
Cairns,0.5,0.5,0.5,0.01,3,289.0,6.839780423154289e7
Cairns,0.5,0.5,0.5,0.01,2,238.0,6.262586927695577e7
Cairns,0.5,0.5,0.5,0.001,1,289.0,221088.11932754514
Cairns,0.5,0.5,0.5,0.001,3,331.0,6.371167607831965e7
Cairns,0.5,0.5,0.5,0.001,2,313.0,2.256060726497904e6
Cairns,0.5,0.5,0.99,0.1,3,249.0,1.2550364120650475e8
Cairns,0.5,0.5,0.99,0.1,1,275.0,1.4216445978727475e8
Cairns,0.5,0.5,0.99,0.1,2,309.0,1.4630112447393483e8
Cairns,0.5,0.5,0.99,0.01,3,233.0,4.658036870372476e6
Cairns,0.5,0.5,0.99,0.01,1,282.0,9.196512906535889e7
Cairns,0.5,0.5,0.99,0.01,2,257.0,7.20163921019045e7
Cairns,0.5,0.5,0.99,0.001,1,285.0,9.245110675937708e7
Cairns,0.5,0.5,0.99,0.001,3,262.0,1.7205830534622197e6
Cairns,0.5,0.5,0.99,0.001,2,361.0,6.511302268586005e7
Cairns,0.5,0.99,0.0,0.1,1,267.0,1.5926260747262603e8
Cairns,0.5,0.99,0.0,0.1,3,237.0,1.2603946483469856e8
Cairns,0.5,0.99,0.0,0.1,2,360.0,1.1801506342645188e8
Cairns,0.5,0.99,0.0,0.01,1,342.0,6.24352248387053e7
Cairns,0.5,0.99,0.0,0.01,3,314.0,6.241591890499322e7
Cairns,0.5,0.99,0.0,0.01,2,331.0,1.666183214030572e8
Cairns,0.5,0.99,0.0,0.001,3,242.0,2.2436826496139527e6
Cairns,0.5,0.99,0.0,0.001,1,329.0,1.9112964165959677e6
Cairns,0.5,0.99,0.0,0.001,2,284.0,823269.2888763427
Cairns,0.5,0.99,0.5,0.1,1,236.0,1.4123842508235073e8
Cairns,0.5,0.99,0.5,0.1,3,251.0,1.593472623847447e8
Cairns,0.5,0.99,0.5,0.1,2,222.0,1.391715259285512e8
Cairns,0.5,0.99,0.5,0.01,1,311.0,7.203340502057973e7
Cairns,0.5,0.99,0.5,0.01,3,214.0,649907.3600306193
Cairns,0.5,0.99,0.5,0.01,2,339.0,8.152113634266645e7
Cairns,0.5,0.99,0.5,0.001,1,329.0,2.2786417599665322e6
Cairns,0.5,0.99,0.5,0.001,3,363.0,1.364699099225362e6
Cairns,0.5,0.99,0.5,0.001,2,393.0,1.097281124225362e6
Cairns,0.5,0.99,0.99,0.1,1,286.0,1.2269346875995891e8
Cairns,0.5,0.99,0.99,0.1,3,284.0,1.4671933645098355e8
Cairns,0.5,0.99,0.99,0.1,2,265.0,1.837960798360893e8
Cairns,0.5,0.99,0.99,0.01,1,306.0,3.0879374010011595e7
Cairns,0.5,0.99,0.99,0.01,3,286.0,721506.582232666
Cairns,0.5,0.99,0.99,0.01,2,263.0,4.1481642404223286e7
Cairns,0.5,0.99,0.99,0.001,1,226.0,1.0181796258572895e6
Cairns,0.5,0.99,0.99,0.001,3,294.0,2.2364688483280893e7
Cairns,0.5,0.99,0.99,0.001,2,305.0,652537.578479004
Cairns,0.99,0.0,0.0,0.1,1,310.0,1.8162662035628533e8
Cairns,0.99,0.0,0.0,0.1,3,295.0,8.236213889842224e7
Cairns,0.99,0.0,0.0,0.1,2,349.0,6.973214267595232e7
Cairns,0.99,0.0,0.0,0.01,3,322.0,2.1657091227930397e7
Cairns,0.99,0.0,0.0,0.01,1,303.0,6.1777369299914084e7
Cairns,0.99,0.0,0.0,0.01,2,322.0,4.19967611192818e7
Cairns,0.99,0.0,0.0,0.001,1,280.0,3.4920671603162126e6
Cairns,0.99,0.0,0.0,0.001,3,304.0,1.6556354081194561e6
Cairns,0.99,0.0,0.0,0.001,2,292.0,4.2180757413709424e7
Cairns,0.99,0.0,0.5,0.1,1,295.0,1.437891432488387e8
Cairns,0.99,0.0,0.5,0.1,3,332.0,1.292716393630467e8
Cairns,0.99,0.0,0.5,0.1,2,283.0,1.391334170678132e8
Cairns,0.99,0.0,0.5,0.01,1,285.0,1.2264993869328818e6
Cairns,0.99,0.0,0.5,0.01,3,263.0,3.4630427407360256e7
Cairns,0.99,0.0,0.5,0.01,2,292.0,1.0338739539730065e8
Cairns,0.99,0.0,0.5,0.001,1,320.0,840958.0479061126
Cairns,0.99,0.0,0.5,0.001,3,306.0,1.8224513428337101e6
Cairns,0.99,0.0,0.5,0.001,2,317.0,2.0560708548683632e7
Cairns,0.99,0.0,0.99,0.1,1,245.0,1.3459155887966663e8
Cairns,0.99,0.0,0.99,0.1,3,271.0,1.0901148614608212e8
Cairns,0.99,0.0,0.99,0.1,2,268.0,1.208518282964076e8
Cairns,0.99,0.0,0.99,0.01,1,286.0,1.0448466831614278e7
Cairns,0.99,0.0,0.99,0.01,3,302.0,3.076962121205882e7
Cairns,0.99,0.0,0.99,0.01,2,266.0,1.0373418908889238e7
Cairns,0.99,0.0,0.99,0.001,3,319.0,1.7966185329035444e6
Cairns,0.99,0.0,0.99,0.001,1,310.0,291268.4244444529
Cairns,0.99,0.0,0.99,0.001,2,269.0,541072.9214440665
Cairns,0.99,0.5,0.0,0.1,1,237.0,9.496994642207406e7
Cairns,0.99,0.5,0.0,0.1,3,316.0,1.633159981953956e8
Cairns,0.99,0.5,0.0,0.1,2,259.0,1.6993494351780406e8
Cairns,0.99,0.5,0.0,0.01,1,301.0,4.3712284234198734e7
Cairns,0.99,0.5,0.0,0.01,3,290.0,8.820935014830704e7
Cairns,0.99,0.5,0.0,0.01,2,325.0,2.0821282772686467e7
Cairns,0.99,0.5,0.0,0.001,3,340.0,1.1286240642431895e6
Cairns,0.99,0.5,0.0,0.001,1,291.0,1.0345211389361062e6
Cairns,0.99,0.5,0.0,0.001,2,331.0,4.353650476269786e6
Cairns,0.99,0.5,0.5,0.1,1,334.0,1.0360994866736597e8
Cairns,0.99,0.5,0.5,0.1,3,210.0,1.0374544869014472e8
Cairns,0.99,0.5,0.5,0.1,2,296.0,1.0773073513403912e8
Cairns,0.99,0.5,0.5,0.01,1,260.0,5.151550615942129e7
Cairns,0.99,0.5,0.5,0.01,3,259.0,330847.544934082
Cairns,0.99,0.5,0.5,0.01,2,369.0,5.2234664522651926e7
Cairns,0.99,0.5,0.5,0.001,1,252.0,312356.37982432044
Cairns,0.99,0.5,0.5,0.001,3,264.0,939482.4877772015
Cairns,0.99,0.5,0.5,0.001,2,325.0,279164.6241320292
Cairns,0.99,0.5,0.99,0.1,1,332.0,1.283820909013855e8
Cairns,0.99,0.5,0.99,0.1,3,317.0,1.2943317526905549e8
Cairns,0.99,0.5,0.99,0.1,2,260.0,1.788379963547221e8
Cairns,0.99,0.5,0.99,0.01,1,295.0,7.438598202574916e7
Cairns,0.99,0.5,0.99,0.01,3,294.0,1.508104650468699e6
Cairns,0.99,0.5,0.99,0.01,2,231.0,514679.58082631434
Cairns,0.99,0.5,0.99,0.001,3,275.0,8.239406727447884e7
Cairns,0.99,0.5,0.99,0.001,1,279.0,3.2175878583679204e6
Cairns,0.99,0.5,0.99,0.001,2,317.0,2.1348476780288694e6
Cairns,0.99,0.99,0.0,0.1,1,278.0,1.2606706114173289e8
Cairns,0.99,0.99,0.0,0.1,3,192.0,1.0288957598623912e8
Cairns,0.99,0.99,0.0,0.1,2,271.0,1.2407038844423892e8
Cairns,0.99,0.99,0.0,0.01,1,257.0,1.1646518530827842e6
Cairns,0.99,0.99,0.0,0.01,3,311.0,3.2508876323474906e7
Cairns,0.99,0.99,0.0,0.01,2,341.0,6.2320945134577796e7
Cairns,0.99,0.99,0.0,0.001,1,299.0,650370.4431783041
Cairns,0.99,0.99,0.0,0.001,3,257.0,162938.13055318198
Cairns,0.99,0.99,0.0,0.001,2,286.0,1.4589793542391458e6
Cairns,0.99,0.99,0.5,0.1,1,219.0,1.1824512989887652e8
Cairns,0.99,0.99,0.5,0.1,3,225.0,1.6327638892265233e8
Cairns,0.99,0.99,0.5,0.1,2,294.0,9.344189884550503e7
Cairns,0.99,0.99,0.5,0.01,1,277.0,7.210892594877774e7
Cairns,0.99,0.99,0.5,0.01,3,248.0,6.175364333781718e7
Cairns,0.99,0.99,0.5,0.01,2,283.0,300081.93271433515
Cairns,0.99,0.99,0.5,0.001,1,354.0,440721.1301802317
Cairns,0.99,0.99,0.5,0.001,3,364.0,1.1661978126889546e6
Cairns,0.99,0.99,0.5,0.001,2,333.0,1.0646230658175154e6
Cairns,0.99,0.99,0.99,0.1,3,266.0,7.233888812301302e7
Cairns,0.99,0.99,0.99,0.1,1,272.0,1.8420365420896018e8
Cairns,0.99,0.99,0.99,0.1,2,254.0,1.645923016132708e8
Cairns,0.99,0.99,0.99,0.01,3,283.0,4.09590821767136e7
Cairns,0.99,0.99,0.99,0.01,1,272.0,5.117883926963755e7
Cairns,0.99,0.99,0.99,0.01,2,337.0,6.155139438645235e7
Cairns,0.99,0.99,0.99,0.001,1,307.0,1.3027743536713282e6
Cairns,0.99,0.99,0.99,0.001,3,259.0,718928.399006907
Cairns,0.99,0.99,0.99,0.001,2,314.0,1.676095251151021e6
Devonport,0.0,0.0,0.0,0.1,1,34.0,1.4961102677241318e7
Devonport,0.0,0.0,0.0,0.1,3,13.0,5.2619911238952756e7
Devonport,0.0,0.0,0.0,0.1,2,18.0,5.1407178800653085e7
Devonport,0.0,0.0,0.0,0.01,1,55.0,562296.1004089356
Devonport,0.0,0.0,0.0,0.01,3,55.0,2.324159003609557e7
Devonport,0.0,0.0,0.0,0.01,2,32.0,4.277230373433118e7
Devonport,0.0,0.0,0.0,0.001,3,28.0,4.281878801330659e7
Devonport,0.0,0.0,0.0,0.001,1,45.0,490500.4564300538
Devonport,0.0,0.0,0.0,0.001,2,66.0,498012.78799743654
Devonport,0.0,0.0,0.5,0.1,1,37.0,5.12359089910909e7
Devonport,0.0,0.0,0.5,0.1,3,17.0,1.2059694238708374e8
Devonport,0.0,0.0,0.5,0.1,2,16.0,5.263072672696545e7
Devonport,0.0,0.0,0.5,0.01,1,60.0,2.1603637654280227e7
Devonport,0.0,0.0,0.5,0.01,3,48.0,526908.5480051676
Devonport,0.0,0.0,0.5,0.01,2,53.0,514004.6292063395
Devonport,0.0,0.0,0.5,0.001,1,39.0,497938.3692067465
Devonport,0.0,0.0,0.5,0.001,3,40.0,486593.42373962404
Devonport,0.0,0.0,0.5,0.001,2,53.0,479273.84012950264
Devonport,0.0,0.0,0.99,0.1,1,19.0,1.4516775739442804e8
Devonport,0.0,0.0,0.99,0.1,3,39.0,1.0352722452611887e8
Devonport,0.0,0.0,0.99,0.1,2,1.0,5.231505378331717e7
Devonport,0.0,0.0,0.99,0.01,1,77.0,650650.188973999
Devonport,0.0,0.0,0.99,0.01,3,21.0,5.27624941233598e7
Devonport,0.0,0.0,0.99,0.01,2,53.0,552466.8829294841
Devonport,0.0,0.0,0.99,0.001,1,57.0,597026.356511434
Devonport,0.0,0.0,0.99,0.001,3,45.0,490970.65039164235
Devonport,0.0,0.0,0.99,0.001,2,47.0,490973.0055348714
Devonport,0.0,0.5,0.0,0.1,1,0.0,9.862639760659474e7
Devonport,0.0,0.5,0.0,0.1,3,16.0,1.5051941079192033e8
Devonport,0.0,0.5,0.0,0.1,2,7.0,5.3280783648644626e7
Devonport,0.0,0.5,0.0,0.01,3,41.0,552656.8816416423
Devonport,0.0,0.5,0.0,0.01,1,91.0,553614.2283747356
Devonport,0.0,0.5,0.0,0.01,2,50.0,555131.7097091675
Devonport,0.0,0.5,0.0,0.001,1,47.0,522337.83096542367
Devonport,0.0,0.5,0.0,0.001,3,51.0,491096.94100036623
Devonport,0.0,0.5,0.0,0.001,2,47.0,542267.8891204834
Devonport,0.0,0.5,0.5,0.1,1,44.0,1.0322568374318513e8
Devonport,0.0,0.5,0.5,0.1,3,7.0,7.965589021545342e7
Devonport,0.0,0.5,0.5,0.1,2,38.0,2.4863561300003566e7
Devonport,0.0,0.5,0.5,0.01,1,84.0,4.472945407085165e6
Devonport,0.0,0.5,0.5,0.01,3,62.0,943857.4070343018
Devonport,0.0,0.5,0.5,0.01,2,44.0,5.235008305139263e6
Devonport,0.0,0.5,0.5,0.001,1,62.0,486302.910043335
Devonport,0.0,0.5,0.5,0.001,3,46.0,511060.3248057047
Devonport,0.0,0.5,0.5,0.001,2,76.0,565325.8098897298
Devonport,0.0,0.5,0.99,0.1,1,5.0,6.264922606911971e7
Devonport,0.0,0.5,0.99,0.1,3,22.0,1.94115180349541e8
Devonport,0.0,0.5,0.99,0.1,2,39.0,9.923436420599142e7
Devonport,0.0,0.5,0.99,0.01,1,68.0,593169.8398078918
Devonport,0.0,0.5,0.99,0.01,3,44.0,4.6819067875382274e7
Devonport,0.0,0.5,0.99,0.01,2,40.0,6.040290588143008e6
Devonport,0.0,0.5,0.99,0.001,1,40.0,503418.17150980636
Devonport,0.0,0.5,0.99,0.001,3,47.0,487317.8820404053
Devonport,0.0,0.5,0.99,0.001,2,43.0,556153.7993174235
Devonport,0.0,0.99,0.0,0.1,1,5.0,5.299548623103904e7
Devonport,0.0,0.99,0.0,0.1,3,6.0,6.046931791428132e7
Devonport,0.0,0.99,0.0,0.1,2,22.0,5.137380856387738e7
Devonport,0.0,0.99,0.0,0.01,1,51.0,550376.2404632567
Devonport,0.0,0.99,0.0,0.01,3,54.0,2.3167139604323726e7
Devonport,0.0,0.99,0.0,0.01,2,48.0,535344.1022043863
Devonport,0.0,0.99,0.0,0.001,1,65.0,536591.9264984131
Devonport,0.0,0.99,0.0,0.001,3,45.0,506763.2234873454
Devonport,0.0,0.99,0.0,0.001,2,48.0,539029.284346827
Devonport,0.0,0.99,0.5,0.1,1,17.0,7.305496283969523e7
Devonport,0.0,0.99,0.5,0.1,3,46.0,5.334929031343102e7
Devonport,0.0,0.99,0.5,0.1,2,41.0,5.6221778977774065e6
Devonport,0.0,0.99,0.5,0.01,3,41.0,538917.8859547932
Devonport,0.0,0.99,0.5,0.01,1,73.0,3.1464171547943998e7
Devonport,0.0,0.99,0.5,0.01,2,24.0,4.74594021624756e7
Devonport,0.0,0.99,0.5,0.001,1,106.0,495668.28471552534
Devonport,0.0,0.99,0.5,0.001,3,55.0,483929.93200887047
Devonport,0.0,0.99,0.5,0.001,2,52.0,904858.6484079997
Devonport,0.0,0.99,0.99,0.1,1,31.0,5.2121940348815925e7
Devonport,0.0,0.99,0.99,0.1,3,30.0,2.9496323303278968e7
Devonport,0.0,0.99,0.99,0.1,2,40.0,6.369418010384193e7
Devonport,0.0,0.99,0.99,0.01,1,44.0,2.018585783006023e7
Devonport,0.0,0.99,0.99,0.01,3,62.0,602457.4992930095
Devonport,0.0,0.99,0.99,0.01,2,14.0,5.253936586658236e7
Devonport,0.0,0.99,0.99,0.001,1,68.0,525015.5869272867
Devonport,0.0,0.99,0.99,0.001,3,44.0,549868.2108922324
Devonport,0.0,0.99,0.99,0.001,2,50.0,487935.0817962647
Devonport,0.5,0.0,0.0,0.1,3,37.0,1.0231611750650229e7
Devonport,0.5,0.0,0.0,0.1,1,51.0,4.50554016375448e7
Devonport,0.5,0.0,0.0,0.1,2,50.0,9.779318873617171e7
Devonport,0.5,0.0,0.0,0.01,1,66.0,1.5183199439137776e6
Devonport,0.5,0.0,0.0,0.01,3,42.0,537510.8410695393
Devonport,0.5,0.0,0.0,0.01,2,44.0,531877.2162699382
Devonport,0.5,0.0,0.0,0.001,1,48.0,629581.2903656006
Devonport,0.5,0.0,0.0,0.001,3,42.0,492653.1352549235
Devonport,0.5,0.0,0.0,0.001,2,43.0,501141.7085784913
Devonport,0.5,0.0,0.5,0.1,1,72.0,1.3883063811494026e8
Devonport,0.5,0.0,0.5,0.1,3,26.0,5.2996638903352976e7
Devonport,0.5,0.0,0.5,0.1,2,32.0,4.7926490142342135e7
Devonport,0.5,0.0,0.5,0.01,1,47.0,578874.1401051839
Devonport,0.5,0.0,0.5,0.01,3,39.0,513912.99295349116
Devonport,0.5,0.0,0.5,0.01,2,51.0,540507.2029776891
Devonport,0.5,0.0,0.5,0.001,3,61.0,566408.0018971761
Devonport,0.5,0.0,0.5,0.001,1,46.0,492823.50615336106
Devonport,0.5,0.0,0.5,0.001,2,51.0,499894.1919443767
Devonport,0.5,0.0,0.99,0.1,1,31.0,5.308112722208366e7
Devonport,0.5,0.0,0.99,0.1,3,26.0,9.475523474276163e7
Devonport,0.5,0.0,0.99,0.1,2,31.0,7.0991040040115e7
Devonport,0.5,0.0,0.99,0.01,1,47.0,1.0924035270705482e7
Devonport,0.5,0.0,0.99,0.01,3,45.0,4.871026783287152e7
Devonport,0.5,0.0,0.99,0.01,2,50.0,550264.6821726481
Devonport,0.5,0.0,0.99,0.001,1,51.0,492275.57658691413
Devonport,0.5,0.0,0.99,0.001,3,66.0,526856.8143971761
Devonport,0.5,0.0,0.99,0.001,2,88.0,729800.1206471762
Devonport,0.5,0.5,0.0,0.1,3,23.0,5.294488617301952e7
Devonport,0.5,0.5,0.0,0.1,1,26.0,5.2862378427904375e7
Devonport,0.5,0.5,0.0,0.1,2,26.0,6.232460772590602e7
Devonport,0.5,0.5,0.0,0.01,1,50.0,3.3580438287776396e7
Devonport,0.5,0.5,0.0,0.01,3,34.0,4.367807951236308e7
Devonport,0.5,0.5,0.0,0.01,2,63.0,1.044498232306641e7
Devonport,0.5,0.5,0.0,0.001,1,63.0,520683.51482035324
Devonport,0.5,0.5,0.0,0.001,3,54.0,495864.98510996497
Devonport,0.5,0.5,0.0,0.001,2,48.0,503569.13800557464
Devonport,0.5,0.5,0.5,0.1,1,42.0,4.925520115043679e7
Devonport,0.5,0.5,0.5,0.1,3,32.0,6.1815251710869186e7
Devonport,0.5,0.5,0.5,0.1,2,30.0,7.102976529094991e7
Devonport,0.5,0.5,0.5,0.01,1,78.0,564291.1135182698
Devonport,0.5,0.5,0.5,0.01,3,56.0,598650.5385080974
Devonport,0.5,0.5,0.5,0.01,2,65.0,1.4887341226145705e7
Devonport,0.5,0.5,0.5,0.001,1,66.0,519758.1680592855
Devonport,0.5,0.5,0.5,0.001,3,77.0,566822.4446352641
Devonport,0.5,0.5,0.5,0.001,2,64.0,548609.3734476726
Devonport,0.5,0.5,0.99,0.1,1,44.0,2.347264950179383e8
Devonport,0.5,0.5,0.99,0.1,3,42.0,1.0690572514269002e8
Devonport,0.5,0.5,0.99,0.1,2,36.0,1.2752653155453359e8
Devonport,0.5,0.5,0.99,0.01,1,43.0,534353.0605875652
Devonport,0.5,0.5,0.99,0.01,3,41.0,841165.8178395588
Devonport,0.5,0.5,0.99,0.01,2,36.0,513682.23059997556
Devonport,0.5,0.5,0.99,0.001,1,42.0,501887.9816986085
Devonport,0.5,0.5,0.99,0.001,3,81.0,533398.8454477947
Devonport,0.5,0.5,0.99,0.001,2,65.0,504770.0267547608
Devonport,0.5,0.99,0.0,0.1,1,29.0,5.270995208713288e7
Devonport,0.5,0.99,0.0,0.1,3,18.0,5.4207286350504674e7
Devonport,0.5,0.99,0.0,0.1,2,28.0,5.762725231928383e7
Devonport,0.5,0.99,0.0,0.01,1,44.0,1.930001964957215e7
Devonport,0.5,0.99,0.0,0.01,3,45.0,525948.3955393473
Devonport,0.5,0.99,0.0,0.01,2,40.0,515280.47320760094
Devonport,0.5,0.99,0.0,0.001,1,57.0,503396.44030049647
Devonport,0.5,0.99,0.0,0.001,3,62.0,499613.63758010865
Devonport,0.5,0.99,0.0,0.001,2,94.0,629450.8301300049
Devonport,0.5,0.99,0.5,0.1,1,39.0,1.0229681548403513e8
Devonport,0.5,0.99,0.5,0.1,3,43.0,7.351596950788549e7
Devonport,0.5,0.99,0.5,0.1,2,29.0,5.297471947050283e7
Devonport,0.5,0.99,0.5,0.01,1,53.0,550096.9684580484
Devonport,0.5,0.99,0.5,0.01,3,45.0,536533.4688893637
Devonport,0.5,0.99,0.5,0.01,2,67.0,571915.8227673849
Devonport,0.5,0.99,0.5,0.001,1,72.0,507999.09684346523
Devonport,0.5,0.99,0.5,0.001,3,48.0,485935.7322124482
Devonport,0.5,0.99,0.5,0.001,2,56.0,743638.813180542
Devonport,0.5,0.99,0.99,0.1,1,27.0,1.349382101116858e8
Devonport,0.5,0.99,0.99,0.1,3,50.0,1.0680858671452282e7
Devonport,0.5,0.99,0.99,0.1,2,38.0,1.3904650631585503e8
Devonport,0.5,0.99,0.99,0.01,1,51.0,570448.2339090982
Devonport,0.5,0.99,0.99,0.01,3,39.0,4.762207242064617e7
Devonport,0.5,0.99,0.99,0.01,2,54.0,3.1849612488134716e7
Devonport,0.5,0.99,0.99,0.001,1,54.0,533756.1953216553
Devonport,0.5,0.99,0.99,0.001,3,48.0,636851.2758117677
Devonport,0.5,0.99,0.99,0.001,2,75.0,495317.08547465014
Devonport,0.99,0.0,0.0,0.1,3,34.0,5.352517819421652e7
Devonport,0.99,0.0,0.0,0.1,1,51.0,8.568328816039951e7
Devonport,0.99,0.0,0.0,0.1,2,61.0,1.0542007885663672e8
Devonport,0.99,0.0,0.0,0.01,1,74.0,1.3736189946024576e6
Devonport,0.99,0.0,0.0,0.01,3,46.0,5.2444472018230185e6
Devonport,0.99,0.0,0.0,0.01,2,47.0,538091.604171753
Devonport,0.99,0.0,0.0,0.001,1,70.0,1.095449296069597e7
Devonport,0.99,0.0,0.0,0.001,3,44.0,516625.44052899675
Devonport,0.99,0.0,0.0,0.001,2,35.0,556665.1443288168
Devonport,0.99,0.0,0.5,0.1,3,53.0,1.1118326180328529e8
Devonport,0.99,0.0,0.5,0.1,1,55.0,1.1007644947466783e8
Devonport,0.99,0.0,0.5,0.1,2,30.0,5.29948236249167e7
Devonport,0.99,0.0,0.5,0.01,1,48.0,621714.812391281
Devonport,0.99,0.0,0.5,0.01,3,45.0,1.5079505993968004e7
Devonport,0.99,0.0,0.5,0.01,2,38.0,3.865425384950237e7
Devonport,0.99,0.0,0.5,0.001,1,72.0,3.9256757008015744e7
Devonport,0.99,0.0,0.5,0.001,3,50.0,4.389175189727011e7
Devonport,0.99,0.0,0.5,0.001,2,58.0,542932.5275543213
Devonport,0.99,0.0,0.99,0.1,1,54.0,2.932859470334191e8
Devonport,0.99,0.0,0.99,0.1,3,42.0,1.3656084726196226e8
Devonport,0.99,0.0,0.99,0.1,2,49.0,1.058983234981666e8
Devonport,0.99,0.0,0.99,0.01,1,44.0,551617.0240692139
Devonport,0.99,0.0,0.99,0.01,3,61.0,649141.571893819
Devonport,0.99,0.0,0.99,0.01,2,48.0,514408.95397237147
Devonport,0.99,0.0,0.99,0.001,1,54.0,729837.04949646
Devonport,0.99,0.0,0.99,0.001,3,40.0,495722.63093363453
Devonport,0.99,0.0,0.99,0.001,2,42.0,575712.4710947673
Devonport,0.99,0.5,0.0,0.1,1,33.0,5.2334957563723765e7
Devonport,0.99,0.5,0.0,0.1,3,37.0,4.4071105802080184e7
Devonport,0.99,0.5,0.0,0.1,2,37.0,4.844487540267742e7
Devonport,0.99,0.5,0.0,0.01,1,32.0,6.1988983600585595e7
Devonport,0.99,0.5,0.0,0.01,3,43.0,532704.7581715902
Devonport,0.99,0.5,0.0,0.01,2,58.0,597162.6874640147
Devonport,0.99,0.5,0.0,0.001,1,45.0,487487.21703389485
Devonport,0.99,0.5,0.0,0.001,3,59.0,488819.69750264485
Devonport,0.99,0.5,0.0,0.001,2,42.0,494396.4558848064
Devonport,0.99,0.5,0.5,0.1,1,87.0,2.1976196965604097e7
Devonport,0.99,0.5,0.5,0.1,3,35.0,8.37270454506655e7
Devonport,0.99,0.5,0.5,0.1,2,39.0,8.8246830519939e7
Devonport,0.99,0.5,0.5,0.01,3,42.0,3.9320013820616364e7
Devonport,0.99,0.5,0.5,0.01,1,49.0,721837.5611419678
Devonport,0.99,0.5,0.5,0.01,2,50.0,543969.0343618394
Devonport,0.99,0.5,0.5,0.001,1,50.0,549669.3861765545
Devonport,0.99,0.5,0.5,0.001,3,61.0,510586.6828351975
Devonport,0.99,0.5,0.5,0.001,2,45.0,495830.3711029053
Devonport,0.99,0.5,0.99,0.1,1,55.0,4.549439052067953e7
Devonport,0.99,0.5,0.99,0.1,3,49.0,1.606433593683797e8
Devonport,0.99,0.5,0.99,0.1,2,63.0,1.1254471407589033e8
Devonport,0.99,0.5,0.99,0.01,3,56.0,4.792782202535197e7
Devonport,0.99,0.5,0.99,0.01,1,50.0,759173.8348236083
Devonport,0.99,0.5,0.99,0.01,2,42.0,6.852636606344013e7
Devonport,0.99,0.5,0.99,0.001,1,50.0,515577.9494435629
Devonport,0.99,0.5,0.99,0.001,3,45.0,578732.3553576152
Devonport,0.99,0.5,0.99,0.001,2,37.0,497205.8526051839
Devonport,0.99,0.99,0.0,0.1,3,84.0,1.1731226474993616e8
Devonport,0.99,0.99,0.0,0.1,1,37.0,4.824378067943014e7
Devonport,0.99,0.99,0.0,0.1,2,45.0,6.3732597986619845e7
Devonport,0.99,0.99,0.0,0.01,1,42.0,736082.2563161216
Devonport,0.99,0.99,0.0,0.01,3,83.0,585140.7297932942
Devonport,0.99,0.99,0.0,0.01,2,46.0,548855.3084157306
Devonport,0.99,0.99,0.0,0.001,1,48.0,537305.9763356526
Devonport,0.99,0.99,0.0,0.001,3,41.0,516606.43822530116
Devonport,0.99,0.99,0.0,0.001,2,45.0,698051.7137084961
Devonport,0.99,0.99,0.5,0.1,1,51.0,1.327478814941406e8
Devonport,0.99,0.99,0.5,0.1,3,55.0,7.395376088448687e7
Devonport,0.99,0.99,0.5,0.1,2,56.0,7.85148560715498e7
Devonport,0.99,0.99,0.5,0.01,1,44.0,7.418961962370664e7
Devonport,0.99,0.99,0.5,0.01,3,43.0,3.0987338394467914e6
Devonport,0.99,0.99,0.5,0.01,2,42.0,532391.2149912516
Devonport,0.99,0.99,0.5,0.001,3,46.0,512269.6127370199
Devonport,0.99,0.99,0.5,0.001,1,47.0,510232.65212504077
Devonport,0.99,0.99,0.5,0.001,2,57.0,514311.4774370829
Devonport,0.99,0.99,0.99,0.1,1,53.0,1.1753710463712065e8
Devonport,0.99,0.99,0.99,0.1,3,43.0,4.525051066489442e7
Devonport,0.99,0.99,0.99,0.1,2,50.0,831116.1175455729
Devonport,0.99,0.99,0.99,0.01,1,48.0,544973.7451019287
Devonport,0.99,0.99,0.99,0.01,3,47.0,2.774192693853199e7
Devonport,0.99,0.99,0.99,0.01,2,64.0,4.757520296206107e7
Devonport,0.99,0.99,0.99,0.001,1,53.0,549049.0674489338
Devonport,0.99,0.99,0.99,0.001,3,42.0,749571.2209645589
Devonport,0.99,0.99,0.99,0.001,2,43.0,509487.49751078285
Melbourne,0.0,0.0,0.0,0.1,1,47.0,7.589839748523505e7
Melbourne,0.0,0.0,0.0,0.1,3,45.0,1.132421729854207e8
Melbourne,0.0,0.0,0.0,0.1,2,42.0,9.053008214275062e7
Melbourne,0.0,0.0,0.0,0.01,3,48.0,158233.00045572914
Melbourne,0.0,0.0,0.0,0.01,1,50.0,215496.3025390625
Melbourne,0.0,0.0,0.0,0.01,2,44.0,209256.9942260742
Melbourne,0.0,0.0,0.0,0.001,3,51.0,164860.9778025309
Melbourne,0.0,0.0,0.0,0.001,1,56.0,263252.1938964843
Melbourne,0.0,0.0,0.0,0.001,2,45.0,99846.2723795573
Melbourne,0.0,0.0,0.5,0.1,1,27.0,1.5793123993948647e8
Melbourne,0.0,0.0,0.5,0.1,3,43.0,4.625641482358885e7
Melbourne,0.0,0.0,0.5,0.1,2,36.0,4.728399259519326e7
Melbourne,0.0,0.0,0.5,0.01,3,56.0,361604.38076782227
Melbourne,0.0,0.0,0.5,0.01,1,49.0,235360.16295572917
Melbourne,0.0,0.0,0.5,0.01,2,45.0,151946.90485026044
Melbourne,0.0,0.0,0.5,0.001,1,53.0,303934.66688028973
Melbourne,0.0,0.0,0.5,0.001,3,43.0,107969.73317057292
Melbourne,0.0,0.0,0.5,0.001,2,51.0,287079.3257385254
Melbourne,0.0,0.0,0.99,0.1,1,45.0,2.296009517822509e7
Melbourne,0.0,0.0,0.99,0.1,3,38.0,4.687641595631997e7
Melbourne,0.0,0.0,0.99,0.1,2,36.0,1.8274968792056593e8
Melbourne,0.0,0.0,0.99,0.01,1,45.0,2.3246964949457183e7
Melbourne,0.0,0.0,0.99,0.01,3,57.0,169069.38362935383
Melbourne,0.0,0.0,0.99,0.01,2,47.0,171667.9383138021
Melbourne,0.0,0.0,0.99,0.001,1,53.0,135008.26222534178
Melbourne,0.0,0.0,0.99,0.001,3,52.0,317704.88632812514
Melbourne,0.0,0.0,0.99,0.001,2,51.0,175374.736328125
Melbourne,0.0,0.5,0.0,0.1,1,29.0,4.7580390369493395e7
Melbourne,0.0,0.5,0.0,0.1,3,44.0,1.6440326962527746e8
Melbourne,0.0,0.5,0.0,0.1,2,43.0,6.891481307028726e7
Melbourne,0.0,0.5,0.0,0.01,1,40.0,1.5898001301604894e8
Melbourne,0.0,0.5,0.0,0.01,3,47.0,401738.3563151041
Melbourne,0.0,0.5,0.0,0.01,2,45.0,152818.51396484376
Melbourne,0.0,0.5,0.0,0.001,3,54.0,170408.22881469727
Melbourne,0.0,0.5,0.0,0.001,1,55.0,332853.22270304366
Melbourne,0.0,0.5,0.0,0.001,2,50.0,287885.8379313151
Melbourne,0.0,0.5,0.5,0.1,1,38.0,6.962802198655416e7
Melbourne,0.0,0.5,0.5,0.1,3,42.0,6.846690199531472e7
Melbourne,0.0,0.5,0.5,0.1,2,29.0,7.201898305183423e7
Melbourne,0.0,0.5,0.5,0.01,3,42.0,2.29407462161442e7
Melbourne,0.0,0.5,0.5,0.01,1,43.0,2.3430657535467926e7
Melbourne,0.0,0.5,0.5,0.01,2,54.0,125542.29327799476
Melbourne,0.0,0.5,0.5,0.001,1,53.0,186783.9719889323
Melbourne,0.0,0.5,0.5,0.001,3,46.0,304051.40825195314
Melbourne,0.0,0.5,0.5,0.001,2,57.0,413063.6797424316
Melbourne,0.0,0.5,0.99,0.1,3,35.0,4.6696294351463675e7
Melbourne,0.0,0.5,0.99,0.1,1,44.0,9.308035829470375e7
Melbourne,0.0,0.5,0.99,0.1,2,46.0,692738.320279948
Melbourne,0.0,0.5,0.99,0.01,1,52.0,212334.2186513265
Melbourne,0.0,0.5,0.99,0.01,3,44.0,1.3552779794386226e8
Melbourne,0.0,0.5,0.99,0.01,2,49.0,275263.45751953125
Melbourne,0.0,0.5,0.99,0.001,1,49.0,114120.52604166666
Melbourne,0.0,0.5,0.99,0.001,3,45.0,209035.72379557294
Melbourne,0.0,0.5,0.99,0.001,2,43.0,183936.9913736979
Melbourne,0.0,0.99,0.0,0.1,1,44.0,2.059143772678279e8
Melbourne,0.0,0.99,0.0,0.1,3,47.0,6.810570877024557e7
Melbourne,0.0,0.99,0.0,0.1,2,40.0,4.72912440338692e7
Melbourne,0.0,0.99,0.0,0.01,1,59.0,189861.40403645835
Melbourne,0.0,0.99,0.0,0.01,3,51.0,284020.2379231771
Melbourne,0.0,0.99,0.0,0.01,2,44.0,176815.491788737
Melbourne,0.0,0.99,0.0,0.001,1,52.0,215407.56940104166
Melbourne,0.0,0.99,0.0,0.001,3,51.0,139305.83597005208
Melbourne,0.0,0.99,0.0,0.001,2,50.0,288311.4173502604
Melbourne,0.0,0.99,0.5,0.1,3,49.0,6.465482406894811e6
Melbourne,0.0,0.99,0.5,0.1,1,46.0,6.845232482079588e7
Melbourne,0.0,0.99,0.5,0.1,2,31.0,1.1301000726635332e8
Melbourne,0.0,0.99,0.5,0.01,3,42.0,9.567890500118162e7
Melbourne,0.0,0.99,0.5,0.01,1,48.0,246318.0216959635
Melbourne,0.0,0.99,0.5,0.01,2,57.0,219124.7949748993
Melbourne,0.0,0.99,0.5,0.001,1,46.0,210915.92831471757
Melbourne,0.0,0.99,0.5,0.001,3,49.0,151343.21852213537
Melbourne,0.0,0.99,0.5,0.001,2,49.0,134363.675390625
Melbourne,0.0,0.99,0.99,0.1,1,36.0,4.631275192986327e7
Melbourne,0.0,0.99,0.99,0.1,3,32.0,1.6043150759644446e8
Melbourne,0.0,0.99,0.99,0.1,2,43.0,7.041947557479574e7
Melbourne,0.0,0.99,0.99,0.01,1,43.0,182148.71617838542
Melbourne,0.0,0.99,0.99,0.01,3,34.0,1.5899398620790377e8
Melbourne,0.0,0.99,0.99,0.01,2,45.0,316781.09371744795
Melbourne,0.0,0.99,0.99,0.001,1,47.0,136174.14815572102
Melbourne,0.0,0.99,0.99,0.001,3,47.0,176764.39433593748
Melbourne,0.0,0.99,0.99,0.001,2,50.0,275900.7666992187
Melbourne,0.5,0.0,0.0,0.1,1,42.0,1.5931884298110834e8
Melbourne,0.5,0.0,0.0,0.1,3,41.0,1.1326245590704036e8
Melbourne,0.5,0.0,0.0,0.1,2,50.0,4.576103751564614e7
Melbourne,0.5,0.0,0.0,0.01,1,49.0,303782.7337727865
Melbourne,0.5,0.0,0.0,0.01,3,49.0,268734.4324707031
Melbourne,0.5,0.0,0.0,0.01,2,45.0,350543.7342122395
Melbourne,0.5,0.0,0.0,0.001,3,58.0,582350.5065429688
Melbourne,0.5,0.0,0.0,0.001,1,54.0,334517.67262369796
Melbourne,0.5,0.0,0.0,0.001,2,51.0,191785.7133240382
Melbourne,0.5,0.0,0.5,0.1,1,45.0,4.827684159361524e7
Melbourne,0.5,0.0,0.5,0.1,3,42.0,4.82580766970317e7
Melbourne,0.5,0.0,0.5,0.1,2,56.0,4.5647144154025055e7
Melbourne,0.5,0.0,0.5,0.01,1,54.0,3.2235586555470144e6
Melbourne,0.5,0.0,0.5,0.01,3,46.0,7.203269906802489e7
Melbourne,0.5,0.0,0.5,0.01,2,48.0,194609.34716796875
Melbourne,0.5,0.0,0.5,0.001,1,55.0,164181.35651041663
Melbourne,0.5,0.0,0.5,0.001,3,45.0,133449.0546549479
Melbourne,0.5,0.0,0.5,0.001,2,46.0,390932.49406255083
Melbourne,0.5,0.0,0.99,0.1,1,41.0,1.357055860666528e8
Melbourne,0.5,0.0,0.99,0.1,3,58.0,600554.596537272
Melbourne,0.5,0.0,0.99,0.1,2,47.0,4.5755512037333965e7
Melbourne,0.5,0.0,0.99,0.01,1,46.0,134952.01484375002
Melbourne,0.5,0.0,0.99,0.01,3,50.0,224744.61886240644
Melbourne,0.5,0.0,0.99,0.01,2,48.0,161559.31133219402
Melbourne,0.5,0.0,0.99,0.001,3,46.0,387715.62376302085
Melbourne,0.5,0.0,0.99,0.001,1,51.0,362829.9659973145
Melbourne,0.5,0.0,0.99,0.001,2,41.0,199503.03108723956
Melbourne,0.5,0.5,0.0,0.1,3,52.0,7.090430339584267e7
Melbourne,0.5,0.5,0.0,0.1,1,51.0,9.119015885450853e7
Melbourne,0.5,0.5,0.0,0.1,2,42.0,1.8136166707142606e8
Melbourne,0.5,0.5,0.0,0.01,1,48.0,272264.0514597575
Melbourne,0.5,0.5,0.0,0.01,3,57.0,251732.2538675944
Melbourne,0.5,0.5,0.0,0.01,2,49.0,333091.62928059895
Melbourne,0.5,0.5,0.0,0.001,1,47.0,111410.16673787434
Melbourne,0.5,0.5,0.0,0.001,3,51.0,111028.47676289878
Melbourne,0.5,0.5,0.0,0.001,2,43.0,387538.32262369787
Melbourne,0.5,0.5,0.5,0.1,1,53.0,4.850618532891112e7
Melbourne,0.5,0.5,0.5,0.1,3,44.0,1.145769225186157e8
Melbourne,0.5,0.5,0.5,0.1,2,48.0,6.802753308875167e7
Melbourne,0.5,0.5,0.5,0.01,1,50.0,373041.9791666666
Melbourne,0.5,0.5,0.5,0.01,3,46.0,247257.0173502604
Melbourne,0.5,0.5,0.5,0.01,2,54.0,296156.19998219813
Melbourne,0.5,0.5,0.5,0.001,1,51.0,216451.50761311845
Melbourne,0.5,0.5,0.5,0.001,3,51.0,123800.40234375
Melbourne,0.5,0.5,0.5,0.001,2,47.0,210490.76272786455
Melbourne,0.5,0.5,0.99,0.1,1,48.0,9.043597995128234e7
Melbourne,0.5,0.5,0.99,0.1,3,48.0,4.556124456774372e7
Melbourne,0.5,0.5,0.99,0.1,2,46.0,1.8116266183973303e8
Melbourne,0.5,0.5,0.99,0.01,1,48.0,166718.85503311158
Melbourne,0.5,0.5,0.99,0.01,3,50.0,205403.12441406248
Melbourne,0.5,0.5,0.99,0.01,2,50.0,350304.0070048014
Melbourne,0.5,0.5,0.99,0.001,3,47.0,346546.3686848958
Melbourne,0.5,0.5,0.99,0.001,1,50.0,246058.98603922522
Melbourne,0.5,0.5,0.99,0.001,2,51.0,218583.81149088542
Melbourne,0.5,0.99,0.0,0.1,1,42.0,1.361845643493636e8
Melbourne,0.5,0.99,0.0,0.1,3,45.0,2.512634517925735e7
Melbourne,0.5,0.99,0.0,0.1,2,45.0,7.00990426196525e7
Melbourne,0.5,0.99,0.0,0.01,1,52.0,336488.79668884276
Melbourne,0.5,0.99,0.0,0.01,3,55.0,283999.0289550781
Melbourne,0.5,0.99,0.0,0.01,2,47.0,309193.6555664062
Melbourne,0.5,0.99,0.0,0.001,1,49.0,262488.1614908854
Melbourne,0.5,0.99,0.0,0.001,3,48.0,200032.14193115232
Melbourne,0.5,0.99,0.0,0.001,2,51.0,192778.2728190104
Melbourne,0.5,0.99,0.5,0.1,1,40.0,1.5879330910967585e8
Melbourne,0.5,0.99,0.5,0.1,3,48.0,9.283513403051104e7
Melbourne,0.5,0.99,0.5,0.1,2,47.0,1.385678366283217e8
Melbourne,0.5,0.99,0.5,0.01,3,50.0,2.278599014801889e8
Melbourne,0.5,0.99,0.5,0.01,1,44.0,210132.83610636395
Melbourne,0.5,0.99,0.5,0.01,2,50.0,171633.09334309897
Melbourne,0.5,0.99,0.5,0.001,1,56.0,260733.0575012843
Melbourne,0.5,0.99,0.5,0.001,3,47.0,359343.19013671885
Melbourne,0.5,0.99,0.5,0.001,2,49.0,256532.62935180665
Melbourne,0.5,0.99,0.99,0.1,3,51.0,4.580517249553582e7
Melbourne,0.5,0.99,0.99,0.1,1,53.0,4.562250150422646e7
Melbourne,0.5,0.99,0.99,0.1,2,41.0,7.027857482815267e7
Melbourne,0.5,0.99,0.99,0.01,3,51.0,328662.6006896973
Melbourne,0.5,0.99,0.99,0.01,1,45.0,185376.77613932293
Melbourne,0.5,0.99,0.99,0.01,2,55.0,413151.09313365625
Melbourne,0.5,0.99,0.99,0.001,1,56.0,300843.57812499994
Melbourne,0.5,0.99,0.99,0.001,3,52.0,127953.71912434897
Melbourne,0.5,0.99,0.99,0.001,2,49.0,1.1271068313707884e8
Melbourne,0.99,0.0,0.0,0.1,1,51.0,2.0463726615446526e8
Melbourne,0.99,0.0,0.0,0.1,3,47.0,1.371075266660346e8
Melbourne,0.99,0.0,0.0,0.1,2,53.0,9.05923091283036e7
Melbourne,0.99,0.0,0.0,0.01,1,46.0,273450.48467407224
Melbourne,0.99,0.0,0.0,0.01,3,53.0,164965.27578938805
Melbourne,0.99,0.0,0.0,0.01,2,46.0,319631.8602539062
Melbourne,0.99,0.0,0.0,0.001,1,51.0,243593.78722343445
Melbourne,0.99,0.0,0.0,0.001,3,51.0,278111.21031087235
Melbourne,0.99,0.0,0.0,0.001,2,54.0,95236.4104848226
Melbourne,0.99,0.0,0.5,0.1,1,53.0,1.6452844896421078e8
Melbourne,0.99,0.0,0.5,0.1,3,48.0,1.406404193307875e8
Melbourne,0.99,0.0,0.5,0.1,2,44.0,4.554575105410643e7
Melbourne,0.99,0.0,0.5,0.01,1,49.0,4.536999380945107e7
Melbourne,0.99,0.0,0.5,0.01,3,58.0,2.287015656149129e7
Melbourne,0.99,0.0,0.5,0.01,2,48.0,2.2715752883721303e7
Melbourne,0.99,0.0,0.5,0.001,3,46.0,104225.09876912435
Melbourne,0.99,0.0,0.5,0.001,1,50.0,172547.89703776044
Melbourne,0.99,0.0,0.5,0.001,2,56.0,237856.50577799475
Melbourne,0.99,0.0,0.99,0.1,1,42.0,1.6538768722955802e8
Melbourne,0.99,0.0,0.99,0.1,3,47.0,6.801611616295488e7
Melbourne,0.99,0.0,0.99,0.1,2,49.0,1.698212573984357e8
Melbourne,0.99,0.0,0.99,0.01,3,44.0,169084.16984430948
Melbourne,0.99,0.0,0.99,0.01,1,47.0,455745.9996093749
Melbourne,0.99,0.0,0.99,0.01,2,56.0,278454.23676249187
Melbourne,0.99,0.0,0.99,0.001,1,50.0,299672.5444173177
Melbourne,0.99,0.0,0.99,0.001,3,48.0,147853.09541015624
Melbourne,0.99,0.0,0.99,0.001,2,51.0,334456.4833984375
Melbourne,0.99,0.5,0.0,0.1,1,41.0,1.620735431418658e8
Melbourne,0.99,0.5,0.0,0.1,3,58.0,4.3738540566217646e7
Melbourne,0.99,0.5,0.0,0.1,2,45.0,6.858040767554443e7
Melbourne,0.99,0.5,0.0,0.01,1,50.0,135360.37502441407
Melbourne,0.99,0.5,0.0,0.01,3,50.0,406725.73510030104
Melbourne,0.99,0.5,0.0,0.01,2,46.0,231001.0544647217
Melbourne,0.99,0.5,0.0,0.001,1,50.0,382492.027701823
Melbourne,0.99,0.5,0.0,0.001,3,52.0,303248.1470418294
Melbourne,0.99,0.5,0.0,0.001,2,48.0,266497.37235107424
Melbourne,0.99,0.5,0.5,0.1,3,50.0,1.3574441311533096e8
Melbourne,0.99,0.5,0.5,0.1,1,45.0,2.313654051453694e7
Melbourne,0.99,0.5,0.5,0.1,2,62.0,1.3558316654068843e8
Melbourne,0.99,0.5,0.5,0.01,1,44.0,237904.03720703124
Melbourne,0.99,0.5,0.5,0.01,3,45.0,114463.78147786457
Melbourne,0.99,0.5,0.5,0.01,2,47.0,269361.0981119792
Melbourne,0.99,0.5,0.5,0.001,1,58.0,338248.0819335938
Melbourne,0.99,0.5,0.5,0.001,3,46.0,181059.35109558105
Melbourne,0.99,0.5,0.5,0.001,2,45.0,106788.47617187501
Melbourne,0.99,0.5,0.99,0.1,1,43.0,1.789015733556136e8
Melbourne,0.99,0.5,0.99,0.1,3,43.0,1.141601818929331e8
Melbourne,0.99,0.5,0.99,0.1,2,45.0,2.312450626435282e7
Melbourne,0.99,0.5,0.99,0.01,1,49.0,198769.0864969889
Melbourne,0.99,0.5,0.99,0.01,3,48.0,163287.59804687498
Melbourne,0.99,0.5,0.99,0.01,2,44.0,268486.9596028646
Melbourne,0.99,0.5,0.99,0.001,1,48.0,314583.51054687495
Melbourne,0.99,0.5,0.99,0.001,3,48.0,358693.5876627604
Melbourne,0.99,0.5,0.99,0.001,2,45.0,152039.72977701822
Melbourne,0.99,0.99,0.0,0.1,3,46.0,6.885950458930174e7
Melbourne,0.99,0.99,0.0,0.1,1,62.0,1.0301843329852898e8
Melbourne,0.99,0.99,0.0,0.1,2,51.0,2.3083481564884636e8
Melbourne,0.99,0.99,0.0,0.01,1,46.0,271484.9999674479
Melbourne,0.99,0.99,0.0,0.01,3,50.0,191355.00407511395
Melbourne,0.99,0.99,0.0,0.01,2,47.0,295169.85641276045
Melbourne,0.99,0.99,0.0,0.001,1,46.0,87774.60696614583
Melbourne,0.99,0.99,0.0,0.001,3,51.0,178482.13688151044
Melbourne,0.99,0.99,0.0,0.001,2,49.0,102232.03309885661
Melbourne,0.99,0.99,0.5,0.1,1,49.0,1.205943480530558e8
Melbourne,0.99,0.99,0.5,0.1,3,45.0,6.813077099201576e7
Melbourne,0.99,0.99,0.5,0.1,2,42.0,1.1289683837476395e8
Melbourne,0.99,0.99,0.5,0.01,1,45.0,151155.13626302083
Melbourne,0.99,0.99,0.5,0.01,3,47.0,166599.73759765623
Melbourne,0.99,0.99,0.5,0.01,2,48.0,160455.91730143226
Melbourne,0.99,0.99,0.5,0.001,3,54.0,247281.36839192707
Melbourne,0.99,0.99,0.5,0.001,1,42.0,165840.6215169271
Melbourne,0.99,0.99,0.5,0.001,2,47.0,289354.0414388021
Melbourne,0.99,0.99,0.99,0.1,1,47.0,9.427208396333167e7
Melbourne,0.99,0.99,0.99,0.1,3,53.0,1.4705956697554722e8
Melbourne,0.99,0.99,0.99,0.1,2,53.0,2.3804335621287424e7
Melbourne,0.99,0.99,0.99,0.01,1,48.0,339971.1791259766
Melbourne,0.99,0.99,0.99,0.01,3,51.0,5.714800105721896e7
Melbourne,0.99,0.99,0.99,0.01,2,48.0,250149.14990234375
Melbourne,0.99,0.99,0.99,0.001,3,59.0,193932.3583719889
Melbourne,0.99,0.99,0.99,0.001,1,52.0,180985.03590494796
Melbourne,0.99,0.99,0.99,0.001,2,53.0,7.053991870247415e7
Mildura,0.0,0.0,0.0,0.1,1,0.0,5.156064143369627e7
Mildura,0.0,0.0,0.0,0.1,3,0.0,1.493258461510888e8
Mildura,0.0,0.0,0.0,0.1,2,0.0,2.842806299592878e8
Mildura,0.0,0.0,0.0,0.01,1,0.0,1.9049730500000003e6
Mildura,0.0,0.0,0.0,0.01,3,0.0,1.9013063833333335e6
Mildura,0.0,0.0,0.0,0.01,2,0.0,1.9068063833333333e6
Mildura,0.0,0.0,0.0,0.001,3,0.0,1.87472305e6
Mildura,0.0,0.0,0.0,0.001,1,0.0,1.8738063833333335e6
Mildura,0.0,0.0,0.0,0.001,2,0.0,1.87472305e6
Mildura,0.0,0.0,0.5,0.1,3,0.0,2.2624730500000003e6
Mildura,0.0,0.0,0.5,0.1,1,0.0,2.2404730500000003e6
Mildura,0.0,0.0,0.5,0.1,2,0.0,2.233139716666667e6
Mildura,0.0,0.0,0.5,0.01,1,0.0,1.8976397166666668e6
Mildura,0.0,0.0,0.5,0.01,3,0.0,1.90772305e6
Mildura,0.0,0.0,0.5,0.01,2,0.0,1.9077230500000003e6
Mildura,0.0,0.0,0.5,0.001,1,0.0,1.8793063833333335e6
Mildura,0.0,0.0,0.5,0.001,3,0.0,1.8710563833333333e6
Mildura,0.0,0.0,0.5,0.001,2,0.0,1.8701397166666668e6
Mildura,0.0,0.0,0.99,0.1,1,0.0,2.2093063833333333e6
Mildura,0.0,0.0,0.99,0.1,3,0.0,2.2395563833333333e6
Mildura,0.0,0.0,0.99,0.1,2,0.0,2.2294730500000003e6
Mildura,0.0,0.0,0.99,0.01,3,0.0,1.9095563833333333e6
Mildura,0.0,0.0,0.99,0.01,1,0.0,1.90497305e6
Mildura,0.0,0.0,0.99,0.01,2,0.0,1.89947305e6
Mildura,0.0,0.0,0.99,0.001,1,0.0,1.8728897166666668e6
Mildura,0.0,0.0,0.99,0.001,3,0.0,1.87472305e6
Mildura,0.0,0.0,0.99,0.001,2,0.0,1.8738063833333335e6
Mildura,0.0,0.5,0.0,0.1,1,0.0,2.0710043407645175e8
Mildura,0.0,0.5,0.0,0.1,3,0.0,2.874758416676212e8
Mildura,0.0,0.5,0.0,0.1,2,0.0,1.631138251802555e8
Mildura,0.0,0.5,0.0,0.01,1,0.0,1.9013063833333333e6
Mildura,0.0,0.5,0.0,0.01,3,0.0,1.9068063833333338e6
Mildura,0.0,0.5,0.0,0.01,2,0.0,1.9040563833333335e6
Mildura,0.0,0.5,0.0,0.001,1,0.0,1.87472305e6
Mildura,0.0,0.5,0.0,0.001,3,0.0,1.8719730500000003e6
Mildura,0.0,0.5,0.0,0.001,2,0.0,1.8728897166666668e6
Mildura,0.0,0.5,0.5,0.1,3,0.0,2.874584250009545e8
Mildura,0.0,0.5,0.5,0.1,1,0.0,2.8680910776449615e8
Mildura,0.0,0.5,0.5,0.1,2,0.0,2.2340563833333333e6
Mildura,0.0,0.5,0.5,0.01,3,0.0,1.9068063833333335e6
Mildura,0.0,0.5,0.5,0.01,1,0.0,44916.66666666667
Mildura,0.0,0.5,0.5,0.01,2,0.0,1.9040563833333333e6
Mildura,0.0,0.5,0.5,0.001,3,0.0,1.8710563833333335e6
Mildura,0.0,0.5,0.5,0.001,1,0.0,1.8710563833333333e6
Mildura,0.0,0.5,0.5,0.001,2,0.0,1.8728897166666668e6
Mildura,0.0,0.5,0.99,0.1,1,0.0,2.2615563833333333e6
Mildura,0.0,0.5,0.99,0.1,3,0.0,2.966758986624128e8
Mildura,0.0,0.5,0.99,0.1,2,0.0,2.8751617500095457e8
Mildura,0.0,0.5,0.99,0.01,3,0.0,1.9013063833333333e6
Mildura,0.0,0.5,0.99,0.01,1,0.0,1.91597305e6
Mildura,0.0,0.5,0.99,0.01,2,0.0,1.90497305e6
Mildura,0.0,0.5,0.99,0.001,1,0.0,1.8738063833333335e6
Mildura,0.0,0.5,0.99,0.001,3,0.0,1.87197305e6
Mildura,0.0,0.5,0.99,0.001,2,0.0,1.8747230500000003e6
Mildura,0.0,0.99,0.0,0.1,1,0.0,1.0837354459655921e8
Mildura,0.0,0.99,0.0,0.1,3,0.0,2.290889716666667e6
Mildura,0.0,0.99,0.0,0.1,2,0.0,2.256056383333334e6
Mildura,0.0,0.99,0.0,0.01,3,0.0,1.9068063833333335e6
Mildura,0.0,0.99,0.0,0.01,1,0.0,1.9022230500000003e6
Mildura,0.0,0.99,0.0,0.01,2,0.0,1.9095563833333335e6
Mildura,0.0,0.99,0.0,0.001,1,0.0,1.8728897166666668e6
Mildura,0.0,0.99,0.0,0.001,3,0.0,1.8701397166666668e6
Mildura,0.0,0.99,0.0,0.001,2,0.0,1.87197305e6
Mildura,0.0,0.99,0.5,0.1,1,0.0,2.258806383333334e6
Mildura,0.0,0.99,0.5,0.1,3,0.0,2.242306383333334e6
Mildura,0.0,0.99,0.5,0.1,2,0.0,2.2624730500000003e6
Mildura,0.0,0.99,0.5,0.01,1,0.0,1.91322305e6
Mildura,0.0,0.99,0.5,0.01,3,0.0,1.90497305e6
Mildura,0.0,0.99,0.5,0.01,2,0.0,1.90497305e6
Mildura,0.0,0.99,0.5,0.001,1,0.0,1.8710563833333333e6
Mildura,0.0,0.99,0.5,0.001,3,0.0,1.8765563833333335e6
Mildura,0.0,0.99,0.5,0.001,2,0.0,1.8710563833333335e6
Mildura,0.0,0.99,0.99,0.1,1,0.0,1.835770893793953e8
Mildura,0.0,0.99,0.99,0.1,3,0.0,3.011990397092879e8
Mildura,0.0,0.99,0.99,0.1,2,0.0,2.25147305e6
Mildura,0.0,0.99,0.99,0.01,1,0.0,1.9013063833333335e6
Mildura,0.0,0.99,0.99,0.01,3,0.0,1.9058897166666668e6
Mildura,0.0,0.99,0.99,0.01,2,0.0,1.91047305e6
Mildura,0.0,0.99,0.99,0.001,3,0.0,1.87197305e6
Mildura,0.0,0.99,0.99,0.001,1,0.0,1.8738063833333335e6
Mildura,0.0,0.99,0.99,0.001,2,0.0,1.8710563833333333e6
Mildura,0.5,0.0,0.0,0.1,1,0.0,1.2121036104465733e8
Mildura,0.5,0.0,0.0,0.1,3,0.0,2.23497305e6
Mildura,0.5,0.0,0.0,0.1,2,0.0,2.842916299592878e8
Mildura,0.5,0.0,0.0,0.01,1,0.0,1.8976397166666668e6
Mildura,0.5,0.0,0.0,0.01,3,0.0,1.9040563833333335e6
Mildura,0.5,0.0,0.0,0.01,2,0.0,1.90772305e6
Mildura,0.5,0.0,0.0,0.001,1,0.0,1.87197305e6
Mildura,0.5,0.0,0.0,0.001,3,0.0,1.8728897166666668e6
Mildura,0.5,0.0,0.0,0.001,2,0.0,1.8738063833333333e6
Mildura,0.5,0.0,0.5,0.1,1,0.0,1.009405973215592e8
Mildura,0.5,0.0,0.5,0.1,3,0.0,2.2294730500000003e6
Mildura,0.5,0.0,0.5,0.1,2,0.0,2.2441397166666673e6
Mildura,0.5,0.0,0.5,0.01,1,0.0,1.9068063833333335e6
Mildura,0.5,0.0,0.5,0.01,3,0.0,1.9049730500000003e6
Mildura,0.5,0.0,0.5,0.01,2,0.0,1.9013063833333333e6
Mildura,0.5,0.0,0.5,0.001,1,0.0,1.8738063833333333e6
Mildura,0.5,0.0,0.5,0.001,3,0.0,1.8747230500000003e6
Mildura,0.5,0.0,0.5,0.001,2,0.0,1.8765563833333335e6
Mildura,0.5,0.0,0.99,0.1,3,0.0,2.9314511351553786e8
Mildura,0.5,0.0,0.99,0.1,1,0.0,2.875051750009545e8
Mildura,0.5,0.0,0.99,0.1,2,0.0,8.02729626411694e7
Mildura,0.5,0.0,0.99,0.01,1,0.0,1.9095563833333335e6
Mildura,0.5,0.0,0.99,0.01,3,0.0,7.594618395887776e7
Mildura,0.5,0.0,0.99,0.01,2,0.0,1.9233063833333335e6
Mildura,0.5,0.0,0.99,0.001,1,0.0,1.87197305e6
Mildura,0.5,0.0,0.99,0.001,3,0.0,1.87197305e6
Mildura,0.5,0.0,0.99,0.001,2,0.0,1.8719730500000003e6
Mildura,0.5,0.5,0.0,0.1,1,0.0,2.21022305e6
Mildura,0.5,0.5,0.0,0.1,3,0.0,2.2478063833333333e6
Mildura,0.5,0.5,0.0,0.1,2,0.0,7.626335062554441e7
Mildura,0.5,0.5,0.0,0.01,1,0.0,1.897639716666667e6
Mildura,0.5,0.5,0.0,0.01,3,0.0,1.9168897166666668e6
Mildura,0.5,0.5,0.0,0.01,2,0.0,1.9031397166666668e6
Mildura,0.5,0.5,0.0,0.001,1,0.0,916.6666666666667
Mildura,0.5,0.5,0.0,0.001,3,0.0,1.8710563833333333e6
Mildura,0.5,0.5,0.0,0.001,2,0.0,1.8738063833333333e6
Mildura,0.5,0.5,0.5,0.1,1,0.0,2.9316803018220454e8
Mildura,0.5,0.5,0.5,0.1,3,0.0,2.2533063833333333e6
Mildura,0.5,0.5,0.5,0.1,2,0.0,2.874776750009545e8
Mildura,0.5,0.5,0.5,0.01,1,0.0,1.9058897166666668e6
Mildura,0.5,0.5,0.5,0.01,3,0.0,1.916889716666667e6
Mildura,0.5,0.5,0.5,0.01,2,0.0,1.9150563833333333e6
Mildura,0.5,0.5,0.5,0.001,1,0.0,1.87472305e6
Mildura,0.5,0.5,0.5,0.001,3,0.0,1.8738063833333335e6
Mildura,0.5,0.5,0.5,0.001,2,0.0,1.8728897166666668e6
Mildura,0.5,0.5,0.99,0.1,1,0.0,2.9316253018220454e8
Mildura,0.5,0.5,0.99,0.1,3,0.0,2.24047305e6
Mildura,0.5,0.5,0.99,0.1,2,0.0,2.0714901740978512e8
Mildura,0.5,0.5,0.99,0.01,1,0.0,1.9031397166666668e6
Mildura,0.5,0.5,0.99,0.01,3,0.0,1.9132230500000003e6
Mildura,0.5,0.5,0.99,0.01,2,0.0,1.9040563833333335e6
Mildura,0.5,0.5,0.99,0.001,1,0.0,1.87197305e6
Mildura,0.5,0.5,0.99,0.001,3,0.0,1.8701397166666668e6
Mildura,0.5,0.5,0.99,0.001,2,0.0,1.8738063833333333e6
Mildura,0.5,0.99,0.0,0.1,3,0.0,1.834252297137703e8
Mildura,0.5,0.99,0.0,0.1,1,0.0,2.9314786351553786e8
Mildura,0.5,0.99,0.0,0.1,2,0.0,2.2248897166666663e6
Mildura,0.5,0.99,0.0,0.01,1,0.0,1.9113897166666668e6
Mildura,0.5,0.99,0.0,0.01,3,0.0,1.9113897166666668e6
Mildura,0.5,0.99,0.0,0.01,2,0.0,1.90222305e6
Mildura,0.5,0.99,0.0,0.001,1,0.0,1.8701397166666668e6
Mildura,0.5,0.99,0.0,0.001,3,0.0,1.8728897166666668e6
Mildura,0.5,0.99,0.0,0.001,2,0.0,1.8728897166666668e6
Mildura,0.5,0.99,0.5,0.1,1,0.0,1.0601522421739255e8
Mildura,0.5,0.99,0.5,0.1,3,0.0,2.2239730500000003e6
Mildura,0.5,0.99,0.5,0.1,2,0.0,2.874758416676212e8
Mildura,0.5,0.99,0.5,0.01,1,0.0,1.91322305e6
Mildura,0.5,0.99,0.5,0.01,3,0.0,1.9095563833333338e6
Mildura,0.5,0.99,0.5,0.01,2,0.0,1.89947305e6
Mildura,0.5,0.99,0.5,0.001,1,0.0,1.87197305e6
Mildura,0.5,0.99,0.5,0.001,3,0.0,1.8783897166666666e6
Mildura,0.5,0.99,0.5,0.001,2,0.0,1.8738063833333335e6
Mildura,0.5,0.99,0.99,0.1,1,0.0,2.261556383333334e6
Mildura,0.5,0.99,0.99,0.1,3,0.0,2.234056383333334e6
Mildura,0.5,0.99,0.99,0.1,2,0.0,2.23772305e6
Mildura,0.5,0.99,0.99,0.01,1,0.0,1.9178063833333335e6
Mildura,0.5,0.99,0.99,0.01,3,0.0,1.9068063833333335e6
Mildura,0.5,0.99,0.99,0.01,2,0.0,1.911389716666667e6
Mildura,0.5,0.99,0.99,0.001,1,0.0,1.8701397166666668e6
Mildura,0.5,0.99,0.99,0.001,3,0.0,1.8738063833333335e6
Mildura,0.5,0.99,0.99,0.001,2,0.0,1.8728897166666668e6
Mildura,0.99,0.0,0.0,0.1,1,0.0,2.8589353859262115e8
Mildura,0.99,0.0,0.0,0.1,3,0.0,3.028577816759545e8
Mildura,0.99,0.0,0.0,0.1,2,0.0,1.2562293567590736e8
Mildura,0.99,0.0,0.0,0.01,1,0.0,1.8985563833333333e6
Mildura,0.99,0.0,0.0,0.01,3,0.0,1.8985563833333335e6
Mildura,0.99,0.0,0.0,0.01,2,0.0,1.9022230500000003e6
Mildura,0.99,0.0,0.0,0.001,1,0.0,1.8728897166666668e6
Mildura,0.99,0.0,0.0,0.001,3,0.0,1.87472305e6
Mildura,0.99,0.0,0.0,0.001,2,0.0,1.86922305e6
Mildura,0.99,0.0,0.5,0.1,1,0.0,2.982961406290795e8
Mildura,0.99,0.0,0.5,0.1,3,0.0,2.213889716666667e6
Mildura,0.99,0.0,0.5,0.1,2,0.0,2.260639716666667e6
Mildura,0.99,0.0,0.5,0.01,3,0.0,1.9104730500000003e6
Mildura,0.99,0.0,0.5,0.01,1,0.0,1.9077230500000003e6
Mildura,0.99,0.0,0.5,0.01,2,0.0,1.9077230499999998e6
Mildura,0.99,0.0,0.5,0.001,1,0.0,1.87747305e6
Mildura,0.99,0.0,0.5,0.001,3,0.0,1.8728897166666668e6
Mildura,0.99,0.0,0.5,0.001,2,0.0,1.87747305e6
Mildura,0.99,0.0,0.99,0.1,3,0.0,2.8594120525928783e8
Mildura,0.99,0.0,0.99,0.1,1,0.0,2.2358897166666673e6
Mildura,0.99,0.0,0.99,0.1,2,0.0,2.979397734572045e8
Mildura,0.99,0.0,0.99,0.01,3,0.0,1.9178063833333335e6
Mildura,0.99,0.0,0.99,0.01,1,0.0,1.908639716666667e6
Mildura,0.99,0.0,0.99,0.01,2,0.0,1.9104730499999998e6
Mildura,0.99,0.0,0.99,0.001,1,0.0,1.87472305e6
Mildura,0.99,0.0,0.99,0.001,3,0.0,1.8765563833333335e6
Mildura,0.99,0.0,0.99,0.001,2,0.0,1.87472305e6
Mildura,0.99,0.5,0.0,0.1,3,0.0,2.2487230500000003e6
Mildura,0.99,0.5,0.0,0.1,1,0.0,2.859118719259545e8
Mildura,0.99,0.5,0.0,0.1,2,0.0,2.085431949597851e8
Mildura,0.99,0.5,0.0,0.01,1,0.0,1.9031397166666666e6
Mildura,0.99,0.5,0.0,0.01,3,0.0,1.9068063833333335e6
Mildura,0.99,0.5,0.0,0.01,2,0.0,9.714342010905923e7
Mildura,0.99,0.5,0.0,0.001,1,0.0,1.87197305e6
Mildura,0.99,0.5,0.0,0.001,3,0.0,1.8728897166666668e6
Mildura,0.99,0.5,0.0,0.001,2,0.0,1.8728897166666668e6
Mildura,0.99,0.5,0.5,0.1,1,0.0,2.2441397166666663e6
Mildura,0.99,0.5,0.5,0.1,3,0.0,1.009486431507259e8
Mildura,0.99,0.5,0.5,0.1,2,0.0,2.202889716666667e6
Mildura,0.99,0.5,0.5,0.01,1,0.0,1.9068063833333333e6
Mildura,0.99,0.5,0.5,0.01,3,0.0,1.8994730500000003e6
Mildura,0.99,0.5,0.5,0.01,2,0.0,1.91047305e6
Mildura,0.99,0.5,0.5,0.001,1,0.0,1.87197305e6
Mildura,0.99,0.5,0.5,0.001,3,0.0,1.8710563833333335e6
Mildura,0.99,0.5,0.5,0.001,2,0.0,1.8756397166666668e6
Mildura,0.99,0.5,0.99,0.1,1,0.0,2.2578897166666673e6
Mildura,0.99,0.5,0.99,0.1,3,0.0,2.1224172062645176e8
Mildura,0.99,0.5,0.99,0.1,2,0.0,2.2303897166666663e6
Mildura,0.99,0.5,0.99,0.01,1,0.0,1.8994730500000003e6
Mildura,0.99,0.5,0.99,0.01,3,0.0,1.8958063833333335e6
Mildura,0.99,0.5,0.99,0.01,2,0.0,1.90497305e6
Mildura,0.99,0.5,0.99,0.001,3,0.0,1.8710563833333335e6
Mildura,0.99,0.5,0.99,0.001,1,0.0,1.8765563833333335e6
Mildura,0.99,0.5,0.99,0.001,2,0.0,1.8719730500000003e6
Mildura,0.99,0.99,0.0,0.1,1,0.0,2.2478063833333333e6
Mildura,0.99,0.99,0.0,0.1,3,0.0,1.8424234795543697e8
Mildura,0.99,0.99,0.0,0.1,2,0.0,7.460886764637774e7
Mildura,0.99,0.99,0.0,0.01,1,0.0,1.9123063833333335e6
Mildura,0.99,0.99,0.0,0.01,3,0.0,1.9040563833333335e6
Mildura,0.99,0.99,0.0,0.01,2,0.0,1.9040563833333333e6
Mildura,0.99,0.99,0.0,0.001,3,0.0,1.87197305e6
Mildura,0.99,0.99,0.0,0.001,1,0.0,1.87197305e6
Mildura,0.99,0.99,0.0,0.001,2,0.0,1.8719730500000003e6
Mildura,0.99,0.99,0.5,0.1,1,0.0,2.2395563833333333e6
Mildura,0.99,0.99,0.5,0.1,3,0.0,2.2459730500000003e6
Mildura,0.99,0.99,0.5,0.1,2,0.0,2.2624730500000003e6
Mildura,0.99,0.99,0.5,0.01,1,0.0,1.8921397166666668e6
Mildura,0.99,0.99,0.5,0.01,3,0.0,1.89947305e6
Mildura,0.99,0.99,0.5,0.01,2,0.0,5.391929944411295e7
Mildura,0.99,0.99,0.5,0.001,1,0.0,1.8710563833333335e6
Mildura,0.99,0.99,0.5,0.001,3,0.0,1.8701397166666668e6
Mildura,0.99,0.99,0.5,0.001,2,0.0,1.8738063833333333e6
Mildura,0.99,0.99,0.99,0.1,3,0.0,2.9455900549887115e8
Mildura,0.99,0.99,0.99,0.1,1,0.0,2.25422305e6
Mildura,0.99,0.99,0.99,0.1,2,0.0,2.859329552592878e8
Mildura,0.99,0.99,0.99,0.01,3,0.0,1.90222305e6
Mildura,0.99,0.99,0.99,0.01,1,0.0,1.9058897166666668e6
Mildura,0.99,0.99,0.99,0.01,2,0.0,2.855818719259545e8
Mildura,0.99,0.99,0.99,0.001,1,0.0,1.8728897166666668e6
Mildura,0.99,0.99,0.99,0.001,3,0.0,1.8710563833333333e6
Mildura,0.99,0.99,0.99,0.001,2,0.0,1.875639716666667e6
Perth,0.0,0.0,0.0,0.1,1,28.0,1.6897459312174316e7
Perth,0.0,0.0,0.0,0.1,3,24.0,1.97596766308999e7
Perth,0.0,0.0,0.0,0.1,2,36.0,1.3760208969978211e7
Perth,0.0,0.0,0.0,0.01,3,38.0,1.1201058842692059e6
Perth,0.0,0.0,0.0,0.01,1,41.0,1.1419881063151043e6
Perth,0.0,0.0,0.0,0.01,2,35.0,7.9665404163410645e6
Perth,0.0,0.0,0.0,0.001,1,37.0,1.1003089344807942e6
Perth,0.0,0.0,0.0,0.001,3,39.0,1.0936309340494794e6
Perth,0.0,0.0,0.0,0.001,2,41.0,1.097390249560547e6
Perth,0.0,0.0,0.5,0.1,1,37.0,1.4713798858072916e6
Perth,0.0,0.0,0.5,0.1,3,0.0,4.315948939682165e7
Perth,0.0,0.0,0.5,0.1,2,24.0,1.276304101511625e7
Perth,0.0,0.0,0.5,0.01,1,35.0,1.1240229498494465e6
Perth,0.0,0.0,0.5,0.01,3,36.0,1.1417435894124352e6
Perth,0.0,0.0,0.5,0.01,2,32.0,4.556935833435018e6
Perth,0.0,0.0,0.5,0.001,1,35.0,1.1290256270100912e6
Perth,0.0,0.0,0.5,0.001,3,38.0,1.1061993994628908e6
Perth,0.0,0.0,0.5,0.001,2,35.0,1.1185003992513022e6
Perth,0.0,0.0,0.99,0.1,1,17.0,4.2930463399796136e7
Perth,0.0,0.0,0.99,0.1,3,25.0,1.9386488801906124e7
Perth,0.0,0.0,0.99,0.1,2,35.0,2.8714190766305666e7
Perth,0.0,0.0,0.99,0.01,3,32.0,2.5514811517804556e7
Perth,0.0,0.0,0.99,0.01,1,39.0,1.2853652291666667e6
Perth,0.0,0.0,0.99,0.01,2,41.0,1.1518690251464846e6
Perth,0.0,0.0,0.99,0.001,3,37.0,1.0862936948486331e6
Perth,0.0,0.0,0.99,0.001,1,39.0,1.2259170713460285e6
Perth,0.0,0.0,0.99,0.001,2,38.0,1.0981751020914712e6
Perth,0.0,0.5,0.0,0.1,3,8.0,4.500529328492386e7
Perth,0.0,0.5,0.0,0.1,1,29.0,1.5775759996207517e7
Perth,0.0,0.5,0.0,0.1,2,29.0,3.2352517611908272e7
Perth,0.0,0.5,0.0,0.01,1,37.0,1.109604632413737e6
Perth,0.0,0.5,0.0,0.01,3,42.0,1.1346000105702719e6
Perth,0.0,0.5,0.0,0.01,2,36.0,1.1220640558451337e6
Perth,0.0,0.5,0.0,0.001,1,39.0,1.1118079381022137e6
Perth,0.0,0.5,0.0,0.001,3,38.0,1.1118112000325522e6
Perth,0.0,0.5,0.0,0.001,2,43.0,1.0992966625813802e6
Perth,0.0,0.5,0.5,0.1,1,24.0,2.5500450257337704e7
Perth,0.0,0.5,0.5,0.1,3,3.0,3.656240248017134e7
Perth,0.0,0.5,0.5,0.1,2,31.0,9.277149249550037e6
Perth,0.0,0.5,0.5,0.01,3,42.0,1.1364841277385713e6
Perth,0.0,0.5,0.5,0.01,1,36.0,1.196596435139974e6
Perth,0.0,0.5,0.5,0.01,2,41.0,1.137067143330892e6
Perth,0.0,0.5,0.5,0.001,1,37.0,1.1142596155029298e6
Perth,0.0,0.5,0.5,0.001,3,37.0,1.1024908926167805e6
Perth,0.0,0.5,0.5,0.001,2,41.0,1.1213290240519205e6
Perth,0.0,0.5,0.99,0.1,1,32.0,1.5246933443839356e7
Perth,0.0,0.5,0.99,0.1,3,9.0,3.604983668106652e7
Perth,0.0,0.5,0.99,0.1,2,19.0,3.1675247266438473e7
Perth,0.0,0.5,0.99,0.01,3,43.0,1.1338819832031252e6
Perth,0.0,0.5,0.99,0.01,1,40.0,1.1648691547007244e6
Perth,0.0,0.5,0.99,0.01,2,20.0,4.068619666804158e7
Perth,0.0,0.5,0.99,0.001,1,35.0,1.0969758265950524e6
Perth,0.0,0.5,0.99,0.001,3,35.0,1.0866563226460775e6
Perth,0.0,0.5,0.99,0.001,2,36.0,1.157330959007429e7
Perth,0.0,0.99,0.0,0.1,1,29.0,1.8596603291125283e7
Perth,0.0,0.99,0.0,0.1,3,37.0,5.059200478234822e6
Perth,0.0,0.99,0.0,0.1,2,20.0,2.268474626309383e7
Perth,0.0,0.99,0.0,0.01,1,35.0,1.2877251975097656e6
Perth,0.0,0.99,0.0,0.01,3,35.0,1.1265719767323814e6
Perth,0.0,0.99,0.0,0.01,2,36.0,1.1433121521952186e7
Perth,0.0,0.99,0.0,0.001,1,33.0,1.0874948378499348e6
Perth,0.0,0.99,0.0,0.001,3,34.0,1.0879510699620566e6
Perth,0.0,0.99,0.0,0.001,2,36.0,1.1033321042683923e6
Perth,0.0,0.99,0.5,0.1,1,0.0,4.223879275420283e7
Perth,0.0,0.99,0.5,0.1,3,0.0,4.312832273015498e7
Perth,0.0,0.99,0.5,0.1,2,36.0,4.833021223846649e6
Perth,0.0,0.99,0.5,0.01,1,40.0,1.1809511896927774e7
Perth,0.0,0.99,0.5,0.01,3,35.0,4.5357197619322045e6
Perth,0.0,0.99,0.5,0.01,2,35.0,1.118229752685547e6
Perth,0.0,0.99,0.5,0.001,1,39.0,1.1719533756591799e6
Perth,0.0,0.99,0.5,0.001,3,39.0,1.1365491312622072e6
Perth,0.0,0.99,0.5,0.001,2,35.0,1.0956262295410156e6
Perth,0.0,0.99,0.99,0.1,1,35.0,1.6813802477148272e7
Perth,0.0,0.99,0.99,0.1,3,18.0,3.2246119621843785e7
Perth,0.0,0.99,0.99,0.1,2,0.0,4.313015606348831e7
Perth,0.0,0.99,0.99,0.01,1,41.0,1.1277112303710938e6
Perth,0.0,0.99,0.99,0.01,3,44.0,1.150166620855713e6
Perth,0.0,0.99,0.99,0.01,2,37.0,1.1945008142903647e6
Perth,0.0,0.99,0.99,0.001,1,33.0,1.1431154016113281e6
Perth,0.0,0.99,0.99,0.001,3,36.0,1.1817639786051433e6
Perth,0.0,0.99,0.99,0.001,2,38.0,1.1400312353352232e7
Perth,0.5,0.0,0.0,0.1,1,32.0,2.6560168756388158e7
Perth,0.5,0.0,0.0,0.1,3,18.0,3.449659075125292e7
Perth,0.5,0.0,0.0,0.1,2,41.0,1.0094275987329016e7
Perth,0.5,0.0,0.0,0.01,1,42.0,1.1258098048177082e6
Perth,0.5,0.0,0.0,0.01,3,43.0,9.208239042878132e6
Perth,0.5,0.0,0.0,0.01,2,36.0,8.082700579556193e6
Perth,0.5,0.0,0.0,0.001,1,37.0,1.0879302043935137e6
Perth,0.5,0.0,0.0,0.001,3,42.0,1.1056942553222657e6
Perth,0.5,0.0,0.0,0.001,2,40.0,1.1729074107503255e6
Perth,0.5,0.0,0.5,0.1,3,16.0,4.490745893072465e7
Perth,0.5,0.0,0.5,0.1,1,27.0,4.497635758019973e7
Perth,0.5,0.0,0.5,0.1,2,28.0,4.028523244201619e7
Perth,0.5,0.0,0.5,0.01,1,36.0,1.1230677600748697e6
Perth,0.5,0.0,0.5,0.01,3,38.0,1.1258675433685302e6
Perth,0.5,0.0,0.5,0.01,2,38.0,1.129081851873271e6
Perth,0.5,0.0,0.5,0.001,1,33.0,1.0851833571268718e6
Perth,0.5,0.0,0.5,0.001,3,38.0,1.1344042212320967e6
Perth,0.5,0.0,0.5,0.001,2,39.0,1.091440312141927e6
Perth,0.5,0.0,0.99,0.1,1,35.0,2.6711159618066162e7
Perth,0.5,0.0,0.99,0.1,3,14.0,4.370041375091507e7
Perth,0.5,0.0,0.99,0.1,2,34.0,2.8939947747472856e7
Perth,0.5,0.0,0.99,0.01,1,34.0,3.2846367689111e7
Perth,0.5,0.0,0.99,0.01,3,41.0,1.1444133547526044e6
Perth,0.5,0.0,0.99,0.01,2,36.0,8.39454335451652e6
Perth,0.5,0.0,0.99,0.001,1,32.0,1.0876290928304037e6
Perth,0.5,0.0,0.99,0.001,3,39.0,1.0911023611572266e6
Perth,0.5,0.0,0.99,0.001,2,37.0,1.1119077763671873e6
Perth,0.5,0.5,0.0,0.1,3,45.0,1.3845737471358113e7
Perth,0.5,0.5,0.0,0.1,1,17.0,4.475944424036006e7
Perth,0.5,0.5,0.0,0.1,2,28.0,3.397250508834603e7
Perth,0.5,0.5,0.0,0.01,1,37.0,1.1250415036275228e6
Perth,0.5,0.5,0.0,0.01,3,36.0,1.199027774487305e6
Perth,0.5,0.5,0.0,0.01,2,35.0,1.1276727692382815e6
Perth,0.5,0.5,0.0,0.001,1,41.0,1.1050462673014323e6
Perth,0.5,0.5,0.0,0.001,3,38.0,1.0886797053304035e6
Perth,0.5,0.5,0.0,0.001,2,37.0,1.0843910120117187e6
Perth,0.5,0.5,0.5,0.1,1,14.0,4.28679897684525e7
Perth,0.5,0.5,0.5,0.1,3,0.0,371250.00000000006
Perth,0.5,0.5,0.5,0.1,2,17.0,4.424525192812048e7
Perth,0.5,0.5,0.5,0.01,1,41.0,1.1213968981608076e6
Perth,0.5,0.5,0.5,0.01,3,27.0,3.1755216159740888e7
Perth,0.5,0.5,0.5,0.01,2,41.0,1.1765509455240888e6
Perth,0.5,0.5,0.5,0.001,1,41.0,1.118707942529297e6
Perth,0.5,0.5,0.5,0.001,3,32.0,1.0910457693522137e6
Perth,0.5,0.5,0.5,0.001,2,44.0,1.0910310199544274e6
Perth,0.5,0.5,0.99,0.1,1,13.0,4.4728121873953804e7
Perth,0.5,0.5,0.99,0.1,3,20.0,4.38421518428471e7
Perth,0.5,0.5,0.99,0.1,2,17.0,4.600648854504756e7
Perth,0.5,0.5,0.99,0.01,3,25.0,3.1882593375060663e7
Perth,0.5,0.5,0.99,0.01,1,38.0,1.1269600526204428e6
Perth,0.5,0.5,0.99,0.01,2,33.0,1.129410793001302e6
Perth,0.5,0.5,0.99,0.001,1,37.0,1.1338630004964196e6
Perth,0.5,0.5,0.99,0.001,3,41.0,1.1111443168533328e6
Perth,0.5,0.5,0.99,0.001,2,33.0,1.0886258380340578e6
Perth,0.5,0.99,0.0,0.1,3,28.0,4.428259917905232e7
Perth,0.5,0.99,0.0,0.1,1,25.0,4.1464580989768565e7
Perth,0.5,0.99,0.0,0.1,2,20.0,4.398451224272008e7
Perth,0.5,0.99,0.0,0.01,1,45.0,1.2555532880777998e6
Perth,0.5,0.99,0.0,0.01,3,38.0,1.115982099210612e6
Perth,0.5,0.99,0.0,0.01,2,35.0,1.0349448051026095e7
Perth,0.5,0.99,0.0,0.001,3,38.0,1.2165196270019533e6
Perth,0.5,0.99,0.0,0.001,1,42.0,1.1072995537109375e6
Perth,0.5,0.99,0.0,0.001,2,37.0,1.0933644877197267e6
Perth,0.5,0.99,0.5,0.1,1,23.0,4.7719550225825556e7
Perth,0.5,0.99,0.5,0.1,3,32.0,3.2515632346060865e7
Perth,0.5,0.99,0.5,0.1,2,37.0,1.3005926566377642e7
Perth,0.5,0.99,0.5,0.01,3,0.0,33916.66666666667
Perth,0.5,0.99,0.5,0.01,1,39.0,1.3119563400638709e7
Perth,0.5,0.99,0.5,0.01,2,36.0,1.189348769124349e6
Perth,0.5,0.99,0.5,0.001,1,35.0,1.088207734480794e6
Perth,0.5,0.99,0.5,0.001,3,39.0,1.2189961029103599e6
Perth,0.5,0.99,0.5,0.001,2,41.0,1.0888664578933716e6
Perth,0.5,0.99,0.99,0.1,1,37.0,9.248521576090414e6
Perth,0.5,0.99,0.99,0.1,3,31.0,3.546729693681608e7
Perth,0.5,0.99,0.99,0.1,2,20.0,4.448292229083205e7
Perth,0.5,0.99,0.99,0.01,1,40.0,1.1292724328104658e6
Perth,0.5,0.99,0.99,0.01,3,38.0,1.1963414864746095e6
Perth,0.5,0.99,0.99,0.01,2,38.0,1.2106573006347658e6
Perth,0.5,0.99,0.99,0.001,3,40.0,1.0963880456542969e6
Perth,0.5,0.99,0.99,0.001,1,42.0,1.1110145853108726e6
Perth,0.5,0.99,0.99,0.001,2,35.0,1.1932518744059245e6
Perth,0.99,0.0,0.0,0.1,3,34.0,3.219718493015918e7
Perth,0.99,0.0,0.0,0.1,1,33.0,2.649690570191621e7
Perth,0.99,0.0,0.0,0.1,2,40.0,2.5599686814827222e7
Perth,0.99,0.0,0.0,0.01,1,40.0,1.1317026329101562e6
Perth,0.99,0.0,0.0,0.01,3,36.0,1.2108128562906901e6
Perth,0.99,0.0,0.0,0.01,2,37.0,1.2572401092285158e6
Perth,0.99,0.0,0.0,0.001,3,43.0,1.0919838365397137e6
Perth,0.99,0.0,0.0,0.001,1,33.0,1.083347742163086e6
Perth,0.99,0.0,0.0,0.001,2,38.0,1.0871549690246582e6
Perth,0.99,0.0,0.5,0.1,1,35.0,9.600239761067625e6
Perth,0.99,0.0,0.5,0.1,3,30.0,2.659365113900118e7
Perth,0.99,0.0,0.5,0.1,2,35.0,1.293376408982328e7
Perth,0.99,0.0,0.5,0.01,1,36.0,3.187857869921028e7
Perth,0.99,0.0,0.5,0.01,3,39.0,1.126347492154948e6
Perth,0.99,0.0,0.5,0.01,2,36.0,1.2144370439371746e6
Perth,0.99,0.0,0.5,0.001,1,40.0,1.0931649764241537e6
Perth,0.99,0.0,0.5,0.001,3,34.0,1.113281155460612e6
Perth,0.99,0.0,0.5,0.001,2,40.0,1.1463515919596355e6
Perth,0.99,0.0,0.99,0.1,3,42.0,4.227843022124385e7
Perth,0.99,0.0,0.99,0.1,1,26.0,4.554628765673376e7
Perth,0.99,0.0,0.99,0.1,2,39.0,1.904682445249969e7
Perth,0.99,0.0,0.99,0.01,3,48.0,4.5637728882771395e6
Perth,0.99,0.0,0.99,0.01,1,35.0,1.1305239247395836e6
Perth,0.99,0.0,0.99,0.01,2,41.0,1.6753106601529783e7
Perth,0.99,0.0,0.99,0.001,1,40.0,1.1020437632787067e6
Perth,0.99,0.0,0.99,0.001,3,34.0,1.1040650738606772e6
Perth,0.99,0.0,0.99,0.001,2,37.0,1.0912203858581544e6
Perth,0.99,0.5,0.0,0.1,3,35.0,3.3862555299625315e7
Perth,0.99,0.5,0.0,0.1,1,34.0,2.7801610926244874e7
Perth,0.99,0.5,0.0,0.1,2,40.0,1.979806840532206e7
Perth,0.99,0.5,0.0,0.01,1,42.0,1.2037748534912108e6
Perth,0.99,0.5,0.0,0.01,3,38.0,1.1551201843261719e6
Perth,0.99,0.5,0.0,0.01,2,39.0,1.131582911102041e6
Perth,0.99,0.5,0.0,0.001,1,39.0,1.0979648531158445e6
Perth,0.99,0.5,0.0,0.001,3,38.0,1.0890598836303714e6
Perth,0.99,0.5,0.0,0.001,2,37.0,1.5164282380240718e7
Perth,0.99,0.5,0.5,0.1,1,34.0,4.331753073144079e7
Perth,0.99,0.5,0.5,0.1,3,33.0,3.701675958444782e7
Perth,0.99,0.5,0.5,0.1,2,45.0,2.8842744958809122e7
Perth,0.99,0.5,0.5,0.01,1,37.0,1.7385562574853346e7
Perth,0.99,0.5,0.5,0.01,3,36.0,1.1784815339213056e6
Perth,0.99,0.5,0.5,0.01,2,39.0,7.975390474422118e6
Perth,0.99,0.5,0.5,0.001,1,34.0,1.0956346832356772e6
Perth,0.99,0.5,0.5,0.001,3,35.0,1.0902600754623415e6
Perth,0.99,0.5,0.5,0.001,2,35.0,1.1562247413899743e6
Perth,0.99,0.5,0.99,0.1,1,36.0,4.5143260388626665e7
Perth,0.99,0.5,0.99,0.1,3,39.0,2.5347658817512777e7
Perth,0.99,0.5,0.99,0.1,2,39.0,1.4766213840413413e6
Perth,0.99,0.5,0.99,0.01,1,37.0,9.20488422098584e6
Perth,0.99,0.5,0.99,0.01,3,43.0,1.1387797690348309e6
Perth,0.99,0.5,0.99,0.01,2,36.0,1.1963880623942057e6
Perth,0.99,0.5,0.99,0.001,1,34.0,1.0846133552408852e6
Perth,0.99,0.5,0.99,0.001,3,41.0,1.174364203838094e6
Perth,0.99,0.5,0.99,0.001,2,43.0,1.0922318241129557e6
Perth,0.99,0.99,0.0,0.1,3,35.0,4.219249802273721e7
Perth,0.99,0.99,0.0,0.1,1,42.0,2.1368628422627557e7
Perth,0.99,0.99,0.0,0.1,2,40.0,2.481653192844214e7
Perth,0.99,0.99,0.0,0.01,1,40.0,1.5267618969918657e7
Perth,0.99,0.99,0.0,0.01,3,32.0,1.126253091723633e6
Perth,0.99,0.99,0.0,0.01,2,37.0,1.7594336314166095e7
Perth,0.99,0.99,0.0,0.001,1,40.0,1.1191431471120198e6
Perth,0.99,0.99,0.0,0.001,3,36.0,1.085308850868734e6
Perth,0.99,0.99,0.0,0.001,2,36.0,1.347635820356026e7
Perth,0.99,0.99,0.5,0.1,1,37.0,4.434654174684607e7
Perth,0.99,0.99,0.5,0.1,3,43.0,3.809435377190311e7
Perth,0.99,0.99,0.5,0.1,2,36.0,4.744437207479203e7
Perth,0.99,0.99,0.5,0.01,1,33.0,7.977007507625244e6
Perth,0.99,0.99,0.5,0.01,3,41.0,2.7870583428511266e7
Perth,0.99,0.99,0.5,0.01,2,39.0,3.0856397145861488e7
Perth,0.99,0.99,0.5,0.001,1,44.0,1.0945727766845704e6
Perth,0.99,0.99,0.5,0.001,3,35.0,1.096089465136719e6
Perth,0.99,0.99,0.5,0.001,2,40.0,1.093449032856496e6
Perth,0.99,0.99,0.99,0.1,3,40.0,4.6476685911087595e7
Perth,0.99,0.99,0.99,0.1,1,42.0,3.038735523127148e7
Perth,0.99,0.99,0.99,0.1,2,36.0,9.250422333471598e6
Perth,0.99,0.99,0.99,0.01,3,34.0,1.138424278108724e6
Perth,0.99,0.99,0.99,0.01,1,34.0,1.1231794364654543e6
Perth,0.99,0.99,0.99,0.01,2,39.0,1.198578938273112e6
Perth,0.99,0.99,0.99,0.001,3,38.0,1.0920256640441897e6
Perth,0.99,0.99,0.99,0.001,1,41.0,1.1050922323801676e6
Perth,0.99,0.99,0.99,0.001,2,37.0,1.171917257779948e6
